,player_name,pitcher,pitch_type,PitchesThrown,release_speed,pfx_x,pfx_z
0,A.J. Minter,621345,CH,100,86.4,1.3,0.5
1,A.J. Minter,621345,FC,455,89.1,-0.3,0.4
2,A.J. Minter,621345,FF,261,93.8,0.4,1.3
3,A.J. Minter,621345,SI,30,93.4,1.1,0.8
4,A.J. Puk,640462,FF,97,96.4,0.9,1.2
5,A.J. Puk,640462,SI,2,95.8,1.5,0.5
6,A.J. Puk,640462,SL,56,85.5,-0.4,-0.1
7,A.J. Puk,640462,ST,1,82.8,-0.7,-0.0
8,AJ Blubaugh,805123,CH,436,86.0,-1.4,0.4
9,AJ Blubaugh,805123,CU,31,79.3,0.8,-1.1
10,AJ Blubaugh,805123,FC,85,88.6,0.3,0.7
11,AJ Blubaugh,805123,FF,1101,95.5,-0.9,1.4
12,AJ Blubaugh,805123,SL,1,82.9,0.1,0.8
13,AJ Blubaugh,805123,ST,454,83.9,1.1,0.2
14,AJ Smith-Shawver,700363,CU,159,76.8,0.8,-0.9
15,AJ Smith-Shawver,700363,FC,9,88.3,0.3,0.6
16,AJ Smith-Shawver,700363,FF,528,95.8,-0.8,1.3
17,AJ Smith-Shawver,700363,FS,429,83.1,-0.9,0.4
18,AJ Smith-Shawver,700363,SI,40,95.0,-1.3,1.0
19,AJ Smith-Shawver,700363,SL,62,85.8,0.2,0.4
20,Aaron Ashby,676879,CH,292,91.6,1.1,0.3
21,Aaron Ashby,676879,CU,611,83.0,-0.6,-1.4
22,Aaron Ashby,676879,FF,63,97.0,0.5,1.1
23,Aaron Ashby,676879,SI,1320,97.6,1.2,0.7
24,Aaron Ashby,676879,SL,270,84.8,-0.8,-0.6
25,Aaron Brooks,605156,CH,1,85.0,-1.2,0.1
26,Aaron Brooks,605156,FF,5,92.5,-1.0,0.9
27,Aaron Brooks,605156,SI,7,91.6,-1.2,0.8
28,Aaron Brooks,605156,SL,4,85.1,0.2,-0.1
29,Aaron Bummer,607481,CU,397,80.9,-1.1,-0.7
30,Aaron Bummer,607481,FC,33,87.7,0.1,0.7
31,Aaron Bummer,607481,FF,144,91.4,0.7,0.9
32,Aaron Bummer,607481,SI,451,90.7,1.2,0.1
33,Aaron Bummer,607481,ST,235,81.0,-1.2,-0.0
34,Aaron Civale,650644,CU,802,77.5,1.0,-1.2
35,Aaron Civale,650644,FC,1313,88.6,0.4,0.9
36,Aaron Civale,650644,FF,471,91.8,-0.6,1.5
37,Aaron Civale,650644,FS,230,85.2,-1.2,0.6
38,Aaron Civale,650644,SI,589,91.9,-1.2,1.0
39,Aaron Civale,650644,SL,194,83.1,0.7,-0.4
40,Aaron Civale,650644,ST,6,80.6,1.2,0.5
41,Aaron Nola,605400,CH,704,85.4,-1.2,0.2
42,Aaron Nola,605400,CU,1399,78.3,1.2,-0.9
43,Aaron Nola,605400,FC,339,86.2,0.0,0.7
44,Aaron Nola,605400,FF,1148,92.1,-1.1,1.2
45,Aaron Nola,605400,SI,800,91.3,-1.5,0.7
46,Aaron Nola,605400,SL,15,83.4,0.3,-0.0
47,Abner Uribe,682842,CH,3,91.0,-0.1,0.9
48,Abner Uribe,682842,FF,37,99.6,-0.7,1.1
49,Abner Uribe,682842,SI,1145,98.7,-1.2,0.5
50,Abner Uribe,682842,SL,872,87.5,0.9,0.3
51,Abraham Toro,647351,EP,13,41.6,-0.1,1.9
52,Abraham Toro,647351,FF,2,56.8,-0.5,1.8
53,Adam Frazier,624428,CH,17,71.6,-1.0,1.0
54,Adam Frazier,624428,CU,6,52.8,0.2,0.3
55,Adam Frazier,624428,FF,8,72.9,-0.5,1.0
56,Adam Frazier,624428,SL,14,53.4,-0.3,1.3
57,Adam Macko,671936,CH,84,84.5,1.3,0.2
58,Adam Macko,671936,CU,32,78.8,-0.8,-1.2
59,Adam Macko,671936,FF,230,94.6,0.6,1.3
60,Adam Macko,671936,SL,231,85.2,-0.3,0.3
61,Adam Mazur,800049,CH,41,89.3,-0.9,0.7
62,Adam Mazur,800049,CU,51,82.3,0.3,-0.8
63,Adam Mazur,800049,FF,116,94.8,-0.3,1.6
64,Adam Mazur,800049,SI,79,94.4,-1.1,1.1
65,Adam Mazur,800049,SL,142,87.0,0.2,0.1
66,Adam Mazur,800049,ST,60,83.5,1.2,-0.4
67,Adam Ottavino,493603,FC,3,86.9,0.7,0.5
68,Adam Ottavino,493603,FF,10,93.1,-0.9,1.4
69,Adam Ottavino,493603,SI,15,92.3,-1.5,0.5
70,Adam Ottavino,493603,ST,14,78.7,1.4,0.3
71,Adrian Del Castillo,680728,CU,7,51.4,-0.6,1.0
72,Adrian Del Castillo,680728,SL,9,52.1,-0.6,1.3
73,Adrian Houser,605288,CH,560,85.6,-1.2,0.4
74,Adrian Houser,605288,CU,339,81.9,0.6,-0.9
75,Adrian Houser,605288,FF,591,95.6,-0.8,1.2
76,Adrian Houser,605288,SI,1649,94.7,-1.4,0.6
77,Adrian Houser,605288,SL,455,88.2,0.2,0.4
78,Adrian Morejon,670970,CH,362,91.8,1.0,-0.0
79,Adrian Morejon,670970,FC,35,94.0,-0.1,1.1
80,Adrian Morejon,670970,FF,212,98.9,0.5,1.3
81,Adrian Morejon,670970,KN,5,86.3,0.7,-0.3
82,Adrian Morejon,670970,SI,1221,98.6,1.3,0.8
83,Adrian Morejon,670970,SL,444,88.3,-0.5,-0.1
84,Alan Rangel,660604,CH,237,81.1,-0.9,1.1
85,Alan Rangel,660604,CU,70,73.2,-0.2,-1.4
86,Alan Rangel,660604,FF,244,92.9,-0.3,1.6
87,Alan Rangel,660604,SL,114,84.7,0.4,0.5
88,Alan Trejo,676701,CH,3,59.1,-0.5,1.2
89,Alan Trejo,676701,FF,13,82.6,-0.4,0.7
90,Albert Suarez,544150,CH,172,85.0,-1.4,0.7
91,Albert Suarez,544150,CU,112,78.6,0.4,-0.5
92,Albert Suarez,544150,FC,222,85.8,0.2,0.8
93,Albert Suarez,544150,FF,565,93.7,-0.5,1.4
94,Albert Suarez,544150,SV,14,80.9,0.5,-0.1
95,Alec Burleson,676475,CH,7,51.2,0.5,1.6
96,Alec Gamboa,687941,CH,6,85.8,0.7,0.4
97,Alec Gamboa,687941,CU,7,81.4,-0.6,-0.8
98,Alec Gamboa,687941,FF,177,95.5,0.3,1.4
99,Alec Gamboa,687941,SI,90,94.4,1.0,0.7
100,Alec Gamboa,687941,SL,146,88.5,-0.3,0.1
101,Alek Jacob,689690,CH,219,74.1,-1.7,0.2
102,Alek Jacob,689690,FF,286,85.2,-1.1,1.1
103,Alek Jacob,689690,SI,101,84.2,-1.6,0.4
104,Alek Jacob,689690,ST,67,71.8,1.2,0.6
105,Alek Manoah,666201,CH,63,84.0,-1.2,0.7
106,Alek Manoah,666201,FF,19,88.7,-0.4,1.5
107,Alek Manoah,666201,SI,56,87.7,-1.1,1.1
108,Alek Manoah,666201,SL,23,77.1,0.9,-0.1
109,Alex Carrillo,692024,FF,35,97.8,-0.9,1.1
110,Alex Carrillo,692024,FS,22,90.4,-1.2,0.1
111,Alex Carrillo,692024,SL,27,86.9,0.4,-0.0
112,Alex Cook,702047,CH,13,88.1,-1.3,0.5
113,Alex Cook,702047,FF,66,95.4,-0.5,1.6
114,Alex Cook,702047,SL,19,88.1,0.4,0.7
115,Alex Hoppe,695380,CH,6,91.9,-1.4,0.6
116,Alex Hoppe,695380,FC,1,90.6,0.4,-0.0
117,Alex Hoppe,695380,FF,274,98.4,-0.2,1.2
118,Alex Hoppe,695380,SI,166,98.4,-1.2,0.8
119,Alex Hoppe,695380,SL,264,88.6,0.3,-0.3
120,Alex Jackson,656577,EP,21,43.4,-0.1,1.4
121,Alex Jackson,656577,FF,29,57.7,-0.4,1.3
122,Alex Lange,656638,CH,235,90.7,-1.3,0.1
123,Alex Lange,656638,CU,12,88.4,-0.1,0.1
124,Alex Lange,656638,FC,143,92.1,-0.0,0.5
125,Alex Lange,656638,FF,112,95.9,-0.8,1.1
126,Alex Lange,656638,SI,254,95.7,-1.4,0.6
127,Alex Lange,656638,SL,350,87.9,-0.1,-0.1
128,Alex McFarlane,686934,FF,107,99.7,-0.8,1.2
129,Alex McFarlane,686934,SI,71,99.3,-1.4,0.8
130,Alex McFarlane,686934,SL,55,87.0,0.4,-0.2
131,Alex McFarlane,686934,ST,30,86.5,1.0,0.1
132,Alex Vesia,681911,CH,202,83.1,0.9,1.2
133,Alex Vesia,681911,FF,1136,92.4,0.4,1.8
134,Alex Vesia,681911,SL,674,84.7,-0.5,0.3
135,Alexis Diaz,664747,FF,215,93.5,-0.9,1.3
136,Alexis Diaz,664747,SL,146,87.5,0.2,0.4
137,Ali Sanchez,645305,CS,14,57.8,-0.5,1.6
138,Ali Sanchez,645305,EP,3,34.1,1.3,2.1
139,Ali Sanchez,645305,FF,1,77.0,-0.5,1.4
140,Alimber Santa,695001,FF,74,94.3,-1.0,0.4
141,Alimber Santa,695001,SL,77,87.3,0.4,0.2
142,Alimber Santa,695001,ST,87,82.6,1.4,0.2
143,Allan Winans,642216,CH,56,82.8,-1.3,0.0
144,Allan Winans,642216,CU,5,76.0,0.5,-0.9
145,Allan Winans,642216,FF,26,89.7,-0.9,1.0
146,Allan Winans,642216,SI,52,89.9,-1.4,0.5
147,Allan Winans,642216,SL,32,79.8,1.3,-0.1
148,Amed Rosario,642708,EP,26,48.9,-0.5,1.3
149,Amed Rosario,642708,FF,2,63.0,-1.0,1.2
150,Andre Granillo,701552,CH,25,88.2,-1.3,0.6
151,Andre Granillo,701552,FF,150,94.4,-0.3,1.4
152,Andre Granillo,701552,SI,31,94.5,-1.0,1.1
153,Andre Granillo,701552,SL,353,83.1,0.2,0.3
154,Andre Pallante,669467,CU,823,78.4,0.4,-1.3
155,Andre Pallante,669467,FF,2066,94.8,-0.0,0.9
156,Andre Pallante,669467,FS,74,88.8,-0.7,0.4
157,Andre Pallante,669467,SI,784,95.2,-0.9,1.2
158,Andre Pallante,669467,SL,1524,87.6,0.4,0.0
159,Andres Munoz,662253,CH,87,92.6,-1.1,-0.2
160,Andres Munoz,662253,FF,777,99.1,-0.8,1.1
161,Andres Munoz,662253,SI,198,98.0,-1.4,0.5
162,Andres Munoz,662253,SL,926,86.6,0.5,-0.1
163,Andrew Abbott,671096,CH,1063,85.5,1.2,0.8
164,Andrew Abbott,671096,CU,769,80.4,-0.8,-0.4
165,Andrew Abbott,671096,FC,201,88.7,-0.2,0.7
166,Andrew Abbott,671096,FF,2486,92.6,0.7,1.4
167,Andrew Abbott,671096,ST,906,82.4,-1.1,0.1
168,Andrew Alvarez,674841,CH,116,86.2,1.3,0.4
169,Andrew Alvarez,674841,CU,664,82.8,-0.9,-1.0
170,Andrew Alvarez,674841,FF,637,92.1,0.3,1.1
171,Andrew Alvarez,674841,SI,267,91.7,1.2,0.5
172,Andrew Alvarez,674841,SL,489,83.7,-0.2,-0.2
173,Andrew Chafin,605177,CH,4,84.4,0.9,1.2
174,Andrew Chafin,605177,FF,134,89.5,0.7,1.4
175,Andrew Chafin,605177,SI,239,89.7,1.2,1.0
176,Andrew Chafin,605177,SL,237,80.5,-0.1,-0.2
177,Andrew Heaney,571760,CH,361,82.0,1.4,0.4
178,Andrew Heaney,571760,CS,145,74.0,-0.8,-0.6
179,Andrew Heaney,571760,CU,95,77.5,-0.9,-0.2
180,Andrew Heaney,571760,FF,907,90.1,1.3,1.1
181,Andrew Heaney,571760,SI,236,89.2,1.5,0.3
182,Andrew Heaney,571760,SL,338,80.5,-0.3,-0.0
183,Andrew Hoffmann,694851,CH,180,87.9,-0.7,0.1
184,Andrew Hoffmann,694851,FF,220,94.5,-0.5,1.4
185,Andrew Hoffmann,694851,PO,1,91.2,-0.5,1.3
186,Andrew Hoffmann,694851,SL,74,86.3,0.4,0.2
187,Andrew Kittredge,552640,FF,165,94.5,-0.2,1.3
188,Andrew Kittredge,552640,FS,7,88.5,-1.2,0.5
189,Andrew Kittredge,552640,SI,550,95.1,-1.3,0.8
190,Andrew Kittredge,552640,SL,744,89.1,0.5,0.1
191,Andrew Morris,702193,CH,135,89.1,-1.1,0.7
192,Andrew Morris,702193,CU,17,73.7,0.7,-1.0
193,Andrew Morris,702193,FC,284,91.1,0.5,0.5
194,Andrew Morris,702193,FF,566,97.4,-0.4,1.4
195,Andrew Morris,702193,SI,150,96.6,-1.0,1.3
196,Andrew Morris,702193,ST,104,81.9,1.3,0.3
197,Andrew Nardi,677053,CH,44,89.7,1.3,0.4
198,Andrew Nardi,677053,FF,181,94.6,0.6,1.4
199,Andrew Nardi,677053,SI,7,94.2,1.4,0.7
200,Andrew Nardi,677053,SL,59,85.8,-0.4,0.2
201,Andrew Nardi,677053,ST,87,82.7,-1.2,0.3
202,Andrew Painter,691725,CH,206,90.6,-1.0,0.4
203,Andrew Painter,691725,CU,123,81.3,0.7,-0.7
204,Andrew Painter,691725,FF,665,96.6,-0.2,1.4
205,Andrew Painter,691725,FS,164,87.4,-0.8,0.7
206,Andrew Painter,691725,SI,177,95.1,-1.0,1.1
207,Andrew Painter,691725,SL,364,88.0,0.5,0.3
208,Andrew Painter,691725,ST,334,82.7,1.4,0.1
209,Andrew Saalfrank,685314,CU,191,79.6,-0.7,-0.8
210,Andrew Saalfrank,685314,FF,57,89.2,-0.1,0.7
211,Andrew Saalfrank,685314,SI,179,89.3,0.7,0.4
212,Andrew Sears,808825,CH,43,87.3,1.0,0.2
213,Andrew Sears,808825,FF,146,94.0,1.0,1.2
214,Andrew Sears,808825,SI,36,92.9,1.3,0.7
215,Andrew Sears,808825,SL,98,82.1,-0.5,0.0
216,Andrew Vaughn,683734,EP,17,37.1,-0.0,1.6
217,Andrew Vaughn,683734,FF,25,51.8,-0.0,1.0
218,Andrew Vaughn,683734,KN,37,45.5,0.5,0.8
219,Andrew Vaughn,683734,SL,4,63.9,0.2,1.2
220,Andrew Walters,689958,FF,19,96.4,-0.9,1.5
221,Andrew Walters,689958,SL,10,86.8,0.2,0.1
222,Andrew Wantz,681806,CH,3,86.9,-1.1,0.1
223,Andrew Wantz,681806,CU,3,80.2,0.7,-0.7
224,Andrew Wantz,681806,FC,22,89.5,0.4,0.5
225,Andrew Wantz,681806,FF,28,94.3,-0.4,1.3
226,Andrew Wantz,681806,SI,15,93.3,-1.2,0.7
227,Andrew Wantz,681806,ST,10,83.0,1.4,0.4
228,Andruw Monasterio,655316,CU,1,40.4,0.4,1.5
229,Andruw Monasterio,655316,SL,27,49.5,-0.0,1.6
230,Andry Lara,691251,CH,2,89.4,-1.1,0.7
231,Andry Lara,691251,FF,97,94.2,-1.1,1.0
232,Andry Lara,691251,FS,15,88.2,-1.0,0.4
233,Andry Lara,691251,SI,58,94.5,-1.3,0.8
234,Andry Lara,691251,SL,83,86.0,0.2,0.3
235,Angel Chivilli,683409,CH,493,88.9,-1.0,0.6
236,Angel Chivilli,683409,FF,528,97.2,-1.2,0.8
237,Angel Chivilli,683409,SL,286,90.6,0.0,0.4
238,Angel Perdomo,622780,CH,3,90.3,1.3,0.8
239,Angel Perdomo,622780,FF,48,92.6,0.2,1.4
240,Angel Perdomo,622780,SL,21,83.4,-0.7,0.1
241,Angel Zerpa,672582,CH,51,90.6,1.1,0.5
242,Angel Zerpa,672582,FF,229,96.2,0.8,1.0
243,Angel Zerpa,672582,SI,639,96.4,1.4,0.3
244,Angel Zerpa,672582,SL,396,85.4,-0.5,-0.5
245,Anthony Banda,607455,CH,78,88.7,1.2,0.4
246,Anthony Banda,607455,FF,404,95.4,0.9,1.2
247,Anthony Banda,607455,SI,418,95.3,1.3,0.8
248,Anthony Banda,607455,SL,773,85.4,-0.6,-0.1
249,Anthony Bender,669622,CH,39,89.0,-1.4,-0.1
250,Anthony Bender,669622,FF,21,96.2,-1.1,1.1
251,Anthony Bender,669622,SI,379,96.5,-1.5,0.2
252,Anthony Bender,669622,SL,244,87.1,0.4,-0.1
253,Anthony Bender,669622,ST,639,83.7,1.5,0.2
254,Anthony DeSclafani,543101,CH,82,84.1,-0.7,0.0
255,Anthony DeSclafani,543101,CU,122,83.3,1.2,-0.1
256,Anthony DeSclafani,543101,FF,105,93.8,-1.0,1.3
257,Anthony DeSclafani,543101,FS,46,82.6,-0.7,-0.0
258,Anthony DeSclafani,543101,SI,123,94.1,-1.4,0.8
259,Anthony DeSclafani,543101,SL,140,88.2,0.4,0.4
260,Anthony DeSclafani,543101,ST,16,81.8,1.7,0.0
261,Anthony Gose,543238,CH,10,83.6,0.6,1.3
262,Anthony Gose,543238,FF,87,95.7,0.3,1.6
263,Anthony Gose,543238,SL,44,85.4,-0.2,0.0
264,Anthony Kay,641743,CH,380,86.1,1.2,0.0
265,Anthony Kay,641743,FC,449,91.7,-0.1,0.6
266,Anthony Kay,641743,FF,595,95.9,0.6,1.2
267,Anthony Kay,641743,SI,487,95.3,1.3,0.4
268,Anthony Kay,641743,SL,172,86.3,-0.3,-0.3
269,Anthony Kay,641743,ST,631,82.6,-1.1,0.0
270,Anthony Maldonado,687424,FF,62,92.5,-1.1,1.4
271,Anthony Maldonado,687424,SL,67,83.9,0.3,0.1
272,Anthony Misiewicz,664948,CH,22,86.7,1.1,0.6
273,Anthony Misiewicz,664948,CU,20,78.2,-0.5,-1.2
274,Anthony Misiewicz,664948,FC,64,87.6,-0.4,0.4
275,Anthony Misiewicz,664948,FF,8,92.3,0.5,1.4
276,Anthony Misiewicz,664948,SL,1,84.0,0.8,0.1
277,Anthony Molina,683627,CH,218,87.0,-1.2,0.6
278,Anthony Molina,683627,CU,170,83.9,0.3,-0.1
279,Anthony Molina,683627,FC,11,91.7,-0.1,0.9
280,Anthony Molina,683627,FF,550,95.9,-0.6,1.4
281,Anthony Molina,683627,SL,154,87.3,0.3,0.5
282,Anthony Molina,683627,SV,13,84.7,0.3,0.6
283,Anthony Nunez,689296,CH,215,87.8,-0.5,-0.1
284,Anthony Nunez,689296,FC,59,90.5,0.4,0.5
285,Anthony Nunez,689296,FF,287,96.1,-0.3,1.4
286,Anthony Nunez,689296,SI,112,95.7,-1.3,0.8
287,Anthony Nunez,689296,ST,292,85.8,1.3,-0.1
288,Anthony Seigler,678011,FF,11,70.0,-0.8,1.2
289,Anthony Veneziano,685107,CH,34,87.0,1.4,0.5
290,Anthony Veneziano,685107,FF,148,93.9,0.7,1.2
291,Anthony Veneziano,685107,SI,55,92.7,1.4,0.8
292,Anthony Veneziano,685107,SL,115,87.1,-0.2,0.2
293,Anthony Veneziano,685107,ST,130,82.7,-0.9,0.0
294,Antoine Kelly,681520,FF,2,96.2,0.5,1.0
295,Antoine Kelly,681520,SI,9,95.9,1.0,0.7
296,Antoine Kelly,681520,SL,7,87.0,-0.6,0.8
297,Antonio Senzatela,622608,CH,231,88.4,-0.8,0.6
298,Antonio Senzatela,622608,CU,425,81.0,0.5,-0.4
299,Antonio Senzatela,622608,FC,385,92.3,0.2,0.6
300,Antonio Senzatela,622608,FF,1566,95.4,-0.4,1.0
301,Antonio Senzatela,622608,SI,351,96.4,-1.0,0.7
302,Antonio Senzatela,622608,SL,467,86.8,0.4,0.3
303,Antwone Kelly,699008,CH,27,88.0,-1.0,0.1
304,Antwone Kelly,699008,FF,121,99.1,-0.6,1.3
305,Antwone Kelly,699008,SI,14,97.1,-1.2,0.7
306,Antwone Kelly,699008,SL,56,89.0,0.5,0.3
307,Antwone Kelly,699008,ST,12,86.0,0.9,0.3
308,Aroldis Chapman,547973,FF,680,97.7,0.2,1.5
309,Aroldis Chapman,547973,FS,203,90.7,0.4,0.3
310,Aroldis Chapman,547973,SI,573,98.7,0.9,1.4
311,Aroldis Chapman,547973,SL,290,86.3,-0.9,0.4
312,Austin Cox,680735,CU,75,80.4,-0.2,-0.7
313,Austin Cox,680735,FC,22,90.5,-0.1,0.9
314,Austin Cox,680735,FF,155,92.7,0.3,1.5
315,Austin Cox,680735,FS,44,82.2,0.5,0.5
316,Austin Cox,680735,SL,131,86.4,-0.4,0.3
317,Austin Gomber,596295,CH,164,81.0,0.8,0.9
318,Austin Gomber,596295,CU,248,76.0,-0.5,-0.9
319,Austin Gomber,596295,FC,41,86.0,-0.3,0.7
320,Austin Gomber,596295,FF,343,89.5,0.6,1.4
321,Austin Gomber,596295,FS,45,81.0,0.1,0.2
322,Austin Gomber,596295,SL,158,82.5,-0.4,0.3
323,Austin Hedges,595978,CH,19,71.7,-1.4,0.4
324,Austin Hedges,595978,EP,12,56.2,-0.2,0.8
325,Austin Hedges,595978,FF,80,71.6,-1.2,0.8
326,Austin Nola,543592,EP,13,49.3,-0.3,0.8
327,Austin Nola,543592,FF,16,57.9,-0.5,0.8
328,Austin Peterson,804926,CH,2,88.2,-0.6,0.2
329,Austin Peterson,804926,CU,2,80.7,1.2,-0.3
330,Austin Peterson,804926,FC,9,87.8,0.4,0.4
331,Austin Peterson,804926,SI,11,93.7,-1.2,0.7
332,Austin Peterson,804926,ST,7,82.4,1.1,0.2
333,Austin Pope,687166,CU,6,81.4,0.5,-1.3
334,Austin Pope,687166,FF,18,94.1,-0.1,1.2
335,Austin Pope,687166,SI,3,93.0,-0.7,0.8
336,Austin Pope,687166,SL,9,84.4,0.1,-0.2
337,Austin Slater,596103,SL,10,38.8,-0.4,1.7
338,Austin Voth,608723,CU,34,74.5,1.3,-1.1
339,Austin Voth,608723,FC,51,87.4,0.2,0.5
340,Austin Voth,608723,FF,53,92.1,-0.5,1.4
341,Austin Voth,608723,FS,8,85.1,-0.6,0.5
342,Austin Voth,608723,PO,1,90.2,-0.7,1.3
343,Austin Voth,608723,SI,28,91.2,-1.1,1.0
344,Austin Voth,608723,ST,40,80.1,1.5,0.0
345,Austin Warren,681810,CH,26,87.3,-1.4,0.1
346,Austin Warren,681810,CU,66,84.2,0.8,-0.6
347,Austin Warren,681810,FC,38,88.5,-0.1,0.5
348,Austin Warren,681810,FF,161,93.9,-1.0,1.2
349,Austin Warren,681810,SI,299,94.0,-1.5,0.5
350,Austin Warren,681810,ST,443,84.7,1.3,-0.1
351,Bailey Falter,663559,CU,282,78.0,-0.3,-0.2
352,Bailey Falter,663559,FF,990,92.2,0.3,1.5
353,Bailey Falter,663559,FS,171,85.3,0.4,0.8
354,Bailey Falter,663559,SI,317,92.1,0.6,1.5
355,Bailey Falter,663559,SL,408,84.9,-0.4,0.5
356,Bailey Horn,690544,FC,41,87.9,-0.4,0.3
357,Bailey Horn,690544,FF,74,95.5,0.4,1.4
358,Bailey Horn,690544,SI,43,95.2,1.1,0.9
359,Bailey Horn,690544,ST,66,84.5,-1.1,0.0
360,Bailey Ober,641927,CH,1361,83.0,-1.5,0.5
361,Bailey Ober,641927,CU,121,74.7,0.7,-0.7
362,Bailey Ober,641927,FF,1474,89.3,-0.6,1.4
363,Bailey Ober,641927,SI,141,89.6,-1.2,0.9
364,Bailey Ober,641927,SL,774,83.1,0.4,0.5
365,Bailey Ober,641927,ST,498,77.3,1.0,0.1
366,Beau Brieske,689225,CH,152,89.7,-1.2,0.5
367,Beau Brieske,689225,CU,29,85.8,0.0,-0.7
368,Beau Brieske,689225,FF,348,95.6,-0.4,1.5
369,Beau Brieske,689225,SI,122,95.8,-1.1,1.3
370,Beau Brieske,689225,SL,111,88.9,0.3,0.3
371,Beck Way,694360,CH,12,91.0,-1.2,-0.2
372,Beck Way,694360,FC,170,91.3,0.2,0.3
373,Beck Way,694360,FF,55,97.4,-1.2,0.8
374,Beck Way,694360,SI,97,96.8,-1.4,0.4
375,Beck Way,694360,ST,55,88.1,0.9,0.4
376,Ben Bowden,641386,CH,31,86.4,1.3,0.7
377,Ben Bowden,641386,CU,2,82.0,-0.5,-0.1
378,Ben Bowden,641386,FF,138,93.6,1.1,1.3
379,Ben Bowden,641386,SL,56,84.0,-0.0,0.4
380,Ben Brown,676962,CH,140,90.3,-0.9,0.5
381,Ben Brown,676962,CU,1067,87.0,0.2,-0.2
382,Ben Brown,676962,FF,1349,96.0,-0.6,1.4
383,Ben Brown,676962,SI,207,96.4,-1.2,1.0
384,Ben Casparius,676508,CH,2,90.8,-1.2,0.1
385,Ben Casparius,676508,CU,198,80.8,0.8,-1.2
386,Ben Casparius,676508,FC,289,92.1,0.4,0.6
387,Ben Casparius,676508,FF,432,96.1,-0.2,1.5
388,Ben Casparius,676508,SI,7,95.1,-1.0,1.0
389,Ben Casparius,676508,ST,433,85.4,1.2,-0.1
390,Ben Joyce,690829,CH,1,91.3,-0.6,-0.2
391,Ben Joyce,690829,FF,211,101.0,-0.8,1.2
392,Ben Joyce,690829,SI,92,94.8,-1.2,0.4
393,Ben Joyce,690829,SL,25,86.2,0.6,0.0
394,Ben Lively,594902,CH,56,84.8,-1.2,0.7
395,Ben Lively,594902,CU,49,77.6,0.6,-0.4
396,Ben Lively,594902,FC,62,84.2,-0.1,1.0
397,Ben Lively,594902,FF,207,89.7,-0.7,1.4
398,Ben Lively,594902,SI,207,90.5,-1.2,1.1
399,Ben Lively,594902,SL,11,83.0,0.1,1.1
400,Ben Lively,594902,ST,127,79.9,0.7,0.2
401,Ben Peoples,687239,CH,12,88.4,-1.0,0.7
402,Ben Peoples,687239,FF,163,96.0,-0.1,1.4
403,Ben Peoples,687239,SL,107,87.8,0.3,-0.0
404,Ben Williamson,810938,EP,21,46.7,-0.4,1.7
405,Ben Williamson,810938,SL,29,52.2,-0.4,2.1
406,Bennett Sousa,656986,FC,4,85.5,-0.0,0.2
407,Bennett Sousa,656986,FF,416,94.7,0.3,1.4
408,Bennett Sousa,656986,SI,53,93.3,1.0,1.1
409,Bennett Sousa,656986,SL,770,85.6,-0.3,0.0
410,Blade Tidwell,694918,CH,52,83.3,-1.0,0.5
411,Blade Tidwell,694918,CU,36,83.4,0.3,-0.7
412,Blade Tidwell,694918,FC,3,89.5,0.5,0.6
413,Blade Tidwell,694918,FF,442,95.3,-0.6,1.4
414,Blade Tidwell,694918,SI,224,93.5,-1.3,0.9
415,Blade Tidwell,694918,SL,140,88.0,0.3,0.2
416,Blade Tidwell,694918,ST,371,82.6,1.1,0.5
417,Blake Adams,687060,CU,5,79.1,0.5,-1.2
418,Blake Adams,687060,FC,14,86.5,0.3,0.5
419,Blake Adams,687060,FF,14,92.1,-0.4,1.2
420,Blake Adams,687060,SI,4,91.9,-1.0,0.9
421,Blake Burkhalter,686628,CU,6,85.4,0.0,-0.7
422,Blake Burkhalter,686628,FC,6,88.6,0.3,0.7
423,Blake Burkhalter,686628,FF,11,94.1,-0.2,1.5
424,Blake Snell,605483,CH,363,85.2,1.1,0.8
425,Blake Snell,605483,CU,370,80.3,-1.1,-0.6
426,Blake Snell,605483,FF,771,95.5,0.4,1.5
427,Blake Snell,605483,SL,188,88.4,-0.3,0.7
428,Blake Treinen,595014,FC,109,91.5,0.1,0.7
429,Blake Treinen,595014,FF,120,95.0,-0.8,1.2
430,Blake Treinen,595014,SI,324,95.5,-1.4,0.4
431,Blake Treinen,595014,ST,431,84.2,1.1,-0.1
432,Blake Walston,686796,CH,2,84.6,0.9,-0.1
433,Blake Walston,686796,CU,6,76.5,-0.4,-0.8
434,Blake Walston,686796,FC,8,85.9,0.1,0.9
435,Blake Walston,686796,FF,17,91.6,0.8,1.3
436,Blake Walston,686796,SI,1,90.5,1.2,0.6
437,Blake Walston,686796,SL,8,84.0,-0.2,0.4
438,Blake Weiman,676620,CH,18,86.4,1.0,0.2
439,Blake Weiman,676620,FF,19,89.6,0.1,1.0
440,Blake Weiman,676620,SI,33,90.1,1.0,0.8
441,Blake Weiman,676620,SL,65,83.7,-0.6,-0.0
442,Blake Weiman,676620,ST,131,79.2,-1.4,0.1
443,Blas Castano,680604,CH,63,88.9,-1.1,-0.1
444,Blas Castano,680604,FC,84,90.3,0.2,0.5
445,Blas Castano,680604,FF,60,94.4,-0.7,1.0
446,Blas Castano,680604,SI,189,94.1,-1.2,0.4
447,Blas Castano,680604,ST,114,82.7,1.1,0.1
448,Bobby Miller,676272,CH,20,86.3,-1.6,0.7
449,Bobby Miller,676272,CU,72,79.4,0.8,-1.2
450,Bobby Miller,676272,FF,64,97.4,-0.7,1.3
451,Bobby Miller,676272,SI,44,96.7,-1.2,1.3
452,Bobby Miller,676272,SL,16,88.4,0.4,0.1
453,Bowden Francis,670102,CU,160,73.7,1.3,-0.6
454,Bowden Francis,670102,FF,657,92.4,-0.6,1.5
455,Bowden Francis,670102,FS,256,82.2,-0.7,0.5
456,Bowden Francis,670102,SI,2,92.6,-1.1,1.5
457,Bowden Francis,670102,SL,66,82.7,0.5,-0.0
458,Brad Keller,641745,CH,201,92.7,-0.9,0.5
459,Brad Keller,641745,FF,644,97.1,-0.1,1.2
460,Brad Keller,641745,SI,262,96.7,-1.1,0.9
461,Brad Keller,641745,SL,325,87.1,0.5,-0.3
462,Brad Keller,641745,ST,214,86.1,1.2,0.2
463,Brad Lord,695418,CH,346,85.9,-1.5,0.4
464,Brad Lord,695418,FF,1562,94.7,-1.3,0.9
465,Brad Lord,695418,SI,727,94.4,-1.5,0.3
466,Brad Lord,695418,SL,727,85.4,0.1,-0.0
467,Brad Lord,695418,ST,182,83.3,0.9,0.0
468,Brad Lord,695418,SV,2,82.2,0.6,-0.4
469,Bradgley Rodriguez,699134,CH,507,90.0,-1.4,0.7
470,Bradgley Rodriguez,699134,FC,59,88.2,0.4,0.3
471,Bradgley Rodriguez,699134,FF,338,98.2,-0.5,1.4
472,Bradgley Rodriguez,699134,SI,310,97.9,-1.2,1.0
473,Bradgley Rodriguez,699134,SL,25,90.4,0.2,0.4
474,Bradley Blalock,687134,CU,159,81.4,0.1,-0.9
475,Bradley Blalock,687134,FC,109,89.8,0.4,0.4
476,Bradley Blalock,687134,FF,517,94.7,-0.2,1.4
477,Bradley Blalock,687134,FS,178,87.1,-0.7,0.6
478,Bradley Blalock,687134,SI,10,95.0,-1.1,1.3
479,Bradley Blalock,687134,SL,186,85.6,0.3,-0.2
480,Bradley Blalock,687134,ST,20,85.6,0.9,-0.1
481,Bradley Hanner,690440,FC,1,88.8,0.5,1.0
482,Bradley Hanner,690440,FF,44,92.8,-0.6,1.3
483,Bradley Hanner,690440,SI,28,92.2,-1.3,0.5
484,Bradley Hanner,690440,ST,25,78.6,1.8,0.2
485,Brady Basso,669620,CH,51,86.6,1.3,0.7
486,Brady Basso,669620,CU,157,77.5,-0.1,-1.0
487,Brady Basso,669620,FC,146,87.7,-0.2,0.6
488,Brady Basso,669620,FF,406,92.6,0.3,1.3
489,Brady Basso,669620,SI,59,92.4,1.1,1.0
490,Brady Basso,669620,SL,64,83.1,-0.3,0.4
491,Brady Singer,663903,FC,461,87.3,0.1,0.6
492,Brady Singer,663903,FF,357,91.2,-0.5,1.2
493,Brady Singer,663903,SI,2537,91.6,-1.3,0.8
494,Brady Singer,663903,SL,1691,82.6,0.4,-0.1
495,Brady Singer,663903,ST,542,81.7,0.7,0.2
496,Brandan Bidois,684049,CH,11,91.7,-1.1,0.7
497,Brandan Bidois,684049,FF,178,96.9,-0.3,1.6
498,Brandan Bidois,684049,SL,136,86.4,0.5,-0.1
499,Brandon Eisert,685126,CH,495,83.9,1.1,0.2
500,Brandon Eisert,685126,FF,679,89.8,0.7,1.3
501,Brandon Eisert,685126,SI,92,88.6,1.3,0.8
502,Brandon Eisert,685126,SL,699,84.7,-0.3,0.3
503,Brandon Leibrandt,605335,CH,27,79.7,0.9,0.6
504,Brandon Leibrandt,605335,CU,4,75.7,-1.0,-0.8
505,Brandon Leibrandt,605335,FF,23,87.9,0.4,1.5
506,Brandon Leibrandt,605335,SI,14,87.9,0.9,1.3
507,Brandon Leibrandt,605335,SL,22,83.9,-0.4,0.5
508,Brandon Leibrandt,605335,ST,9,77.7,-1.2,-0.3
509,Brandon Pfaadt,694297,CH,763,87.2,-1.3,0.3
510,Brandon Pfaadt,694297,CU,590,82.2,0.8,-0.8
511,Brandon Pfaadt,694297,FC,494,90.1,0.1,0.6
512,Brandon Pfaadt,694297,FF,1202,93.4,-0.5,1.3
513,Brandon Pfaadt,694297,PO,2,91.0,-0.7,1.1
514,Brandon Pfaadt,694297,SI,1005,93.1,-1.3,0.6
515,Brandon Pfaadt,694297,SL,1,85.4,0.6,0.8
516,Brandon Pfaadt,694297,ST,790,84.6,0.9,0.4
517,Brandon Sproat,687075,CH,183,91.1,-1.2,0.3
518,Brandon Sproat,687075,CU,213,82.4,0.9,-0.9
519,Brandon Sproat,687075,FC,364,92.9,0.1,0.6
520,Brandon Sproat,687075,FF,470,96.8,-0.6,1.1
521,Brandon Sproat,687075,SI,547,96.1,-1.3,0.5
522,Brandon Sproat,687075,SL,10,89.5,0.2,0.5
523,Brandon Sproat,687075,ST,230,85.8,1.1,0.3
524,Brandon Waddell,663399,CH,75,83.5,1.2,0.4
525,Brandon Waddell,663399,FF,117,90.7,0.3,1.3
526,Brandon Waddell,663399,SI,110,91.0,1.2,0.8
527,Brandon Waddell,663399,SL,89,86.4,-0.4,0.4
528,Brandon Waddell,663399,ST,121,78.8,-1.3,0.3
529,Brandon Walter,687888,CH,149,80.9,1.5,0.0
530,Brandon Walter,687888,FC,223,88.2,-0.2,0.6
531,Brandon Walter,687888,FF,157,91.8,0.8,1.0
532,Brandon Walter,687888,SI,102,91.5,1.5,0.4
533,Brandon Walter,687888,ST,183,79.5,-1.4,-0.2
534,Brandon Williamson,682227,CH,178,85.3,1.4,0.5
535,Brandon Williamson,682227,CU,72,75.2,-1.0,-0.9
536,Brandon Williamson,682227,FC,275,89.5,-0.2,0.8
537,Brandon Williamson,682227,FF,146,92.8,0.7,1.4
538,Brandon Williamson,682227,SI,70,93.1,1.1,1.2
539,Brandon Williamson,682227,ST,90,81.4,-1.1,0.2
540,Brandon Woodruff,605540,CH,307,83.0,-1.3,0.7
541,Brandon Woodruff,605540,CU,64,77.5,0.4,-0.8
542,Brandon Woodruff,605540,FC,217,89.2,0.2,1.1
543,Brandon Woodruff,605540,FF,578,92.5,-0.3,1.5
544,Brandon Woodruff,605540,SI,420,92.7,-1.1,1.2
545,Brandon Woodruff,605540,ST,17,80.2,1.0,0.3
546,Brandon Young,687064,CH,42,87.2,-1.2,0.9
547,Brandon Young,687064,CU,435,75.5,1.0,-1.3
548,Brandon Young,687064,FC,148,85.4,0.4,0.3
549,Brandon Young,687064,FF,1403,94.2,-0.4,1.5
550,Brandon Young,687064,FS,626,85.2,-0.8,0.3
551,Brandon Young,687064,PO,1,91.4,-0.6,1.4
552,Brandon Young,687064,SI,335,93.8,-1.2,0.9
553,Brandon Young,687064,SL,398,84.4,0.2,0.3
554,Brandyn Garcia,805299,CH,6,90.4,1.4,0.3
555,Brandyn Garcia,805299,FC,103,94.4,0.1,0.7
556,Brandyn Garcia,805299,SI,472,97.1,1.4,0.2
557,Brandyn Garcia,805299,SL,82,91.4,-0.1,0.4
558,Brandyn Garcia,805299,ST,283,86.9,-1.1,0.2
559,Brant Hurter,676428,CH,163,86.4,1.2,0.1
560,Brant Hurter,676428,FF,78,92.0,0.4,0.8
561,Brant Hurter,676428,SI,824,92.1,1.4,0.2
562,Brant Hurter,676428,ST,475,81.9,-1.0,0.1
563,Braxton Ashcraft,677952,CH,35,91.6,-1.1,0.5
564,Braxton Ashcraft,677952,CU,870,84.8,0.6,-0.9
565,Braxton Ashcraft,677952,FF,1064,97.2,-0.7,1.3
566,Braxton Ashcraft,677952,FS,100,91.8,-1.2,0.5
567,Braxton Ashcraft,677952,SI,566,96.9,-1.3,0.6
568,Braxton Ashcraft,677952,SL,880,91.9,0.1,0.4
569,Braxton Garrett,666129,CH,17,84.3,1.2,-0.0
570,Braxton Garrett,666129,FF,28,91.7,0.4,1.2
571,Braxton Garrett,666129,SI,37,91.1,1.3,0.6
572,Braxton Garrett,666129,SL,21,86.9,-0.1,0.0
573,Braxton Garrett,666129,ST,26,83.5,-0.8,0.2
574,Braxton Roxby,694820,FF,9,94.9,-0.3,1.0
575,Braxton Roxby,694820,SI,5,92.9,-1.1,0.7
576,Braxton Roxby,694820,SL,14,88.1,0.3,0.2
577,Braxton Roxby,694820,ST,20,81.4,1.4,0.1
578,Brayan Bello,678394,CH,779,88.9,-1.3,0.4
579,Brayan Bello,678394,CU,66,83.5,0.2,-0.7
580,Brayan Bello,678394,FC,697,88.0,0.0,0.2
581,Brayan Bello,678394,FF,578,95.3,-0.6,1.1
582,Brayan Bello,678394,SI,1663,95.3,-1.4,0.5
583,Brayan Bello,678394,SL,13,85.9,,-0.4
584,Brayan Bello,678394,ST,749,85.8,0.8,-0.3
585,Braydon Fisher,680755,CU,671,82.0,0.3,-1.1
586,Braydon Fisher,680755,FC,56,92.6,0.0,1.0
587,Braydon Fisher,680755,FF,421,94.9,-0.4,1.5
588,Braydon Fisher,680755,PO,1,95.0,0.0,1.5
589,Braydon Fisher,680755,SI,2,93.4,-1.1,1.2
590,Braydon Fisher,680755,SL,920,88.0,0.1,0.3
591,Brenan Hanifee,669724,CH,65,89.7,-1.3,0.1
592,Brenan Hanifee,669724,FF,135,96.1,-1.0,0.9
593,Brenan Hanifee,669724,SI,793,95.2,-1.3,0.3
594,Brenan Hanifee,669724,SL,274,87.8,0.2,0.2
595,Brendan Beck,694341,CU,9,76.5,0.3,-1.0
596,Brendan Beck,694341,FC,1,83.1,0.2,0.8
597,Brendan Beck,694341,FF,71,92.5,-0.6,1.5
598,Brendan Beck,694341,FS,9,82.8,-0.5,0.4
599,Brendan Beck,694341,SI,9,92.9,-1.0,1.1
600,Brendan Beck,694341,SL,50,83.9,0.1,0.1
601,Brendan Cellucci,676454,FF,27,93.5,0.1,1.2
602,Brendan Cellucci,676454,SI,1,93.1,0.8,0.6
603,Brendan Cellucci,676454,SL,5,85.9,-0.3,0.1
604,Brendan Cellucci,676454,ST,35,83.9,-1.2,0.6
605,Brendon Little,663893,CU,729,86.9,-0.2,-0.7
606,Brendon Little,663893,FC,101,93.3,0.1,0.5
607,Brendon Little,663893,FF,99,95.9,0.6,1.1
608,Brendon Little,663893,SI,703,93.6,1.2,-0.1
609,Brendon Little,663893,SL,143,88.9,-0.1,-0.0
610,Brennan Bernardino,657514,CH,177,80.1,1.2,0.0
611,Brennan Bernardino,657514,CU,557,78.4,-1.2,0.0
612,Brennan Bernardino,657514,FC,219,86.1,-0.1,0.4
613,Brennan Bernardino,657514,FF,44,90.6,0.8,0.8
614,Brennan Bernardino,657514,SI,786,90.5,1.2,0.4
615,Brennan Bernardino,657514,SL,29,83.8,-0.3,0.2
616,Brennan Bernardino,657514,ST,9,79.2,-0.6,0.8
617,Brent Headrick,687396,FF,838,94.1,0.7,1.5
618,Brent Headrick,687396,FS,195,84.5,0.8,0.3
619,Brent Headrick,687396,SI,114,93.4,1.2,1.2
620,Brent Headrick,687396,SL,473,83.9,-0.2,0.4
621,Brent Suter,608718,CH,654,76.6,0.9,0.9
622,Brent Suter,608718,FF,845,87.5,-0.2,1.2
623,Brent Suter,608718,SI,761,89.0,1.0,1.0
624,Brent Suter,608718,SL,324,78.3,-0.8,-0.1
625,Brett Kerry,695049,CH,47,81.4,-1.1,1.1
626,Brett Kerry,695049,CU,5,78.4,0.9,-1.0
627,Brett Kerry,695049,FF,101,91.6,-0.5,1.4
628,Brett Kerry,695049,SL,58,85.8,0.1,0.1
629,Brett Kerry,695049,ST,1,81.2,1.1,-0.2
630,Brett Sullivan,664954,CH,28,67.5,-1.0,1.2
631,Brett Sullivan,664954,CU,3,57.8,-0.4,0.9
632,Brett Sullivan,664954,EP,17,63.1,-0.6,1.2
633,Brett Sullivan,664954,SL,46,57.4,0.0,1.3
634,Brett de Geus,676969,CU,9,84.1,0.2,-0.5
635,Brett de Geus,676969,FC,7,90.8,0.0,0.5
636,Brett de Geus,676969,FS,4,87.8,-1.2,0.3
637,Brett de Geus,676969,SI,27,95.5,-1.4,0.7
638,Brian Fitzpatrick,702153,CH,36,82.5,1.3,0.4
639,Brian Fitzpatrick,702153,FF,23,94.0,1.1,1.1
640,Brian Fitzpatrick,702153,SI,20,93.4,1.5,0.7
641,Brian Fitzpatrick,702153,SL,20,87.9,-0.3,0.5
642,Brian Fitzpatrick,702153,ST,10,78.4,-1.1,-0.0
643,Brian Keller,662144,FC,13,87.4,0.5,0.5
644,Brian Keller,662144,FF,11,92.1,-0.6,1.2
645,Brian Keller,662144,SI,5,91.1,-1.1,0.8
646,Brian Keller,662144,SL,10,80.8,1.4,0.3
647,Brian Van Belle,687003,CH,56,84.3,-1.2,-0.1
648,Brian Van Belle,687003,FF,11,90.8,-0.5,1.0
649,Brian Van Belle,687003,SI,32,90.9,-1.2,0.4
650,Brian Van Belle,687003,SL,11,86.7,-0.0,0.4
651,Brian Van Belle,687003,ST,19,80.8,1.1,-0.4
652,Brock Burke,656271,CH,424,88.1,1.2,0.5
653,Brock Burke,656271,FF,912,96.2,0.7,1.3
654,Brock Burke,656271,SI,241,93.4,1.2,0.9
655,Brock Burke,656271,SL,609,87.1,0.0,0.4
656,Brock Stewart,592779,CH,122,90.1,-1.2,0.1
657,Brock Stewart,592779,FC,96,93.1,0.2,0.7
658,Brock Stewart,592779,FF,458,96.1,-0.6,1.2
659,Brock Stewart,592779,SI,120,95.6,-1.2,0.4
660,Brock Stewart,592779,ST,178,84.3,1.3,0.2
661,Brody Hopkins,811315,CU,18,87.4,0.7,-1.1
662,Brody Hopkins,811315,FC,7,94.8,0.1,0.7
663,Brody Hopkins,811315,FF,28,100.1,-0.7,1.5
664,Brooks Kriske,621139,FC,44,86.1,0.2,0.3
665,Brooks Kriske,621139,FF,145,93.3,-0.5,1.5
666,Brooks Kriske,621139,FS,223,82.2,-0.7,0.0
667,Brooks Kriske,621139,SL,7,84.2,0.3,0.2
668,Brooks Raley,548384,CH,159,84.3,1.4,-0.0
669,Brooks Raley,548384,FC,322,86.8,-0.3,0.5
670,Brooks Raley,548384,SI,270,90.4,1.4,0.4
671,Brooks Raley,548384,SL,6,87.2,-0.3,0.6
672,Brooks Raley,548384,ST,462,81.0,-1.4,0.4
673,Bruce Zimmermann,669145,CU,21,79.7,-0.7,-0.7
674,Bruce Zimmermann,669145,FC,14,86.0,0.1,0.6
675,Bruce Zimmermann,669145,FF,18,90.1,0.5,1.1
676,Bruce Zimmermann,669145,FS,30,83.1,0.9,0.2
677,Bruce Zimmermann,669145,SI,51,89.7,1.2,0.6
678,Bruce Zimmermann,669145,SL,29,83.0,0.0,-0.2
679,Bryan Abreu,650556,CH,6,91.0,-1.3,0.4
680,Bryan Abreu,650556,FC,95,92.8,0.1,0.9
681,Bryan Abreu,650556,FF,1087,96.5,-0.5,1.4
682,Bryan Abreu,650556,SI,14,96.0,-1.4,1.0
683,Bryan Abreu,650556,SL,1048,86.5,0.6,-0.5
684,Bryan Baker,641329,CH,733,85.1,-1.2,0.7
685,Bryan Baker,641329,FF,1029,96.5,-0.3,1.6
686,Bryan Baker,641329,SL,306,88.4,0.6,0.4
687,Bryan Hoeing,663773,FF,1,92.9,-1.0,1.0
688,Bryan Hoeing,663773,FS,51,86.5,-0.8,0.1
689,Bryan Hoeing,663773,SI,66,92.6,-1.4,0.4
690,Bryan Hoeing,663773,SL,13,82.5,0.1,-0.2
691,Bryan Hudson,663542,CH,5,86.4,1.3,0.2
692,Bryan Hudson,663542,FC,24,84.8,0.1,0.3
693,Bryan Hudson,663542,FF,887,91.6,0.8,1.0
694,Bryan Hudson,663542,SI,62,89.7,1.3,0.3
695,Bryan Hudson,663542,ST,353,80.1,-1.2,-0.4
696,Bryan King,687911,CH,23,86.9,1.0,0.5
697,Bryan King,687911,CU,3,77.5,-0.9,-0.6
698,Bryan King,687911,FF,1224,92.0,0.3,1.2
699,Bryan King,687911,SI,227,91.4,1.0,0.5
700,Bryan King,687911,ST,590,80.6,-1.3,0.2
701,Bryan Torres,663494,CU,9,39.8,-0.2,1.3
702,Bryan Torres,663494,SL,9,47.7,0.8,2.0
703,Bryan Woo,693433,CH,357,89.6,-1.3,0.3
704,Bryan Woo,693433,CU,50,83.0,0.5,-0.5
705,Bryan Woo,693433,FF,2475,95.9,-0.8,1.2
706,Bryan Woo,693433,SI,1195,95.6,-1.4,0.5
707,Bryan Woo,693433,SL,655,87.7,0.2,0.3
708,Bryan Woo,693433,ST,543,84.7,0.9,0.3
709,Bryce Elder,693821,CH,539,86.2,-1.0,0.4
710,Bryce Elder,693821,FC,338,88.5,0.2,0.9
711,Bryce Elder,693821,FF,811,92.6,-0.3,1.3
712,Bryce Elder,693821,SI,1685,91.3,-1.2,0.7
713,Bryce Elder,693821,SL,1386,83.8,0.2,-0.1
714,Bryce Jarvis,686826,CH,86,82.6,-1.4,0.4
715,Bryce Jarvis,686826,CU,19,82.7,0.9,-0.8
716,Bryce Jarvis,686826,FC,17,88.0,-0.0,0.5
717,Bryce Jarvis,686826,FF,167,93.9,-0.9,1.2
718,Bryce Jarvis,686826,SI,34,93.2,-1.3,0.8
719,Bryce Jarvis,686826,SL,86,85.1,0.5,-0.2
720,Bryce Miller,682243,CU,244,83.3,0.3,-0.9
721,Bryce Miller,682243,FC,126,91.2,0.3,0.8
722,Bryce Miller,682243,FF,1338,95.4,-0.5,1.6
723,Bryce Miller,682243,FS,716,84.3,-0.8,0.3
724,Bryce Miller,682243,PO,2,91.8,-0.7,1.7
725,Bryce Miller,682243,SI,401,94.8,-1.2,1.1
726,Bryce Miller,682243,SL,312,86.8,0.3,0.1
727,Bryce Miller,682243,ST,197,83.4,1.3,-0.6
728,Brycen Mautz,802408,CH,2,86.8,1.2,0.1
729,Brycen Mautz,802408,CU,51,78.2,-0.6,-0.9
730,Brycen Mautz,802408,FF,102,93.4,0.9,1.1
731,Brycen Mautz,802408,SI,36,93.1,1.5,0.4
732,Brycen Mautz,802408,SL,69,83.5,-0.1,-0.1
733,Bryse Wilson,669060,CH,199,85.8,-1.4,0.4
734,Bryse Wilson,669060,CU,179,80.8,1.3,-0.1
735,Bryse Wilson,669060,FC,396,88.0,0.2,0.7
736,Bryse Wilson,669060,FF,245,92.8,-0.6,1.3
737,Bryse Wilson,669060,SI,368,92.1,-1.3,0.7
738,Bubba Chandler,696149,CH,477,91.5,-1.4,0.5
739,Bubba Chandler,696149,CU,140,86.3,0.1,-0.2
740,Bubba Chandler,696149,FF,1507,98.4,-0.7,1.4
741,Bubba Chandler,696149,PO,1,94.9,-0.5,1.5
742,Bubba Chandler,696149,SI,218,97.7,-1.2,1.0
743,Bubba Chandler,696149,SL,608,90.9,0.1,0.3
744,Bubba Chandler,696149,ST,119,87.9,0.7,0.1
745,Buddy Kennedy,671083,FF,39,64.6,-0.7,1.2
746,Burch Smith,572143,CH,27,84.3,-0.7,0.3
747,Burch Smith,572143,CU,73,82.2,0.8,-1.1
748,Burch Smith,572143,FC,60,87.7,0.4,0.4
749,Burch Smith,572143,FF,125,93.8,-0.4,1.4
750,Burch Smith,572143,SI,2,91.6,-0.8,0.6
751,CJ Van Eyk,669310,CH,30,83.7,-1.5,0.4
752,CJ Van Eyk,669310,CU,30,81.5,0.6,-0.9
753,CJ Van Eyk,669310,FC,34,89.0,0.2,0.6
754,CJ Van Eyk,669310,FF,18,94.3,-0.6,1.1
755,CJ Van Eyk,669310,SI,20,92.8,-1.2,0.5
756,CJ Van Eyk,669310,ST,9,81.9,1.4,-0.3
757,Cade Cavalli,676917,CH,320,89.4,-1.5,0.4
758,Cade Cavalli,676917,CU,990,86.2,0.6,-0.9
759,Cade Cavalli,676917,FC,199,93.5,0.1,0.7
760,Cade Cavalli,676917,FF,1173,96.8,-0.5,1.2
761,Cade Cavalli,676917,PO,1,92.1,-0.4,1.1
762,Cade Cavalli,676917,SI,492,96.3,-1.2,0.6
763,Cade Cavalli,676917,SL,1,91.8,-0.1,0.4
764,Cade Cavalli,676917,ST,389,86.3,1.2,-0.6
765,Cade Gibson,806188,CH,199,85.4,1.2,0.1
766,Cade Gibson,806188,CU,442,78.9,-1.1,-1.3
767,Cade Gibson,806188,FF,132,91.9,0.8,1.1
768,Cade Gibson,806188,SI,403,91.9,1.3,0.6
769,Cade Gibson,806188,SL,222,86.7,-0.3,0.5
770,Cade Gibson,806188,ST,362,80.0,-1.6,-0.0
771,Cade Horton,690990,CH,247,88.0,-1.1,0.7
772,Cade Horton,690990,CU,194,83.8,0.3,-0.6
773,Cade Horton,690990,FF,947,95.7,-0.0,1.2
774,Cade Horton,690990,SI,103,95.1,-0.9,1.0
775,Cade Horton,690990,SL,4,83.4,0.6,0.3
776,Cade Horton,690990,ST,385,83.4,1.1,-0.1
777,Cade Povich,700249,CH,368,83.9,0.9,0.4
778,Cade Povich,700249,CU,567,78.3,-0.8,-1.2
779,Cade Povich,700249,FC,13,91.9,0.3,1.4
780,Cade Povich,700249,FF,1035,92.1,0.8,1.5
781,Cade Povich,700249,SI,293,91.8,1.3,1.0
782,Cade Povich,700249,SL,80,86.6,-0.4,0.6
783,Cade Povich,700249,ST,226,82.8,-0.8,0.0
784,Cade Smith,671922,FF,1599,96.9,-0.7,1.4
785,Cade Smith,671922,FS,554,87.3,-0.6,-0.3
786,Cade Smith,671922,ST,235,85.3,1.1,0.3
787,Cade Winquest,685464,CH,2,90.6,-0.8,0.3
788,Cade Winquest,685464,CU,57,79.7,0.7,-0.9
789,Cade Winquest,685464,FC,59,92.3,0.2,0.5
790,Cade Winquest,685464,FF,73,95.8,-0.0,1.0
791,Cade Winquest,685464,SI,13,95.6,-0.7,0.7
792,Caden Dana,702674,CH,109,87.0,-1.1,0.5
793,Caden Dana,702674,CU,45,79.0,0.8,-1.2
794,Caden Dana,702674,FF,253,94.9,-0.9,1.3
795,Caden Dana,702674,SL,155,85.6,0.4,-0.0
796,Cal Quantrill,615698,CH,5,87.7,-1.2,0.9
797,Cal Quantrill,615698,CU,309,79.8,0.3,-0.6
798,Cal Quantrill,615698,FC,799,88.7,0.2,0.6
799,Cal Quantrill,615698,FF,812,93.7,-0.8,1.4
800,Cal Quantrill,615698,FS,799,85.5,-0.9,0.3
801,Cal Quantrill,615698,SI,757,93.9,-1.3,1.0
802,Cal Quantrill,615698,SL,191,85.0,0.3,-0.0
803,Caleb Boushley,676961,CH,98,85.0,-1.2,0.5
804,Caleb Boushley,676961,CU,54,75.9,0.6,-0.9
805,Caleb Boushley,676961,FC,142,89.6,0.1,1.0
806,Caleb Boushley,676961,FF,145,91.9,-0.5,1.4
807,Caleb Boushley,676961,SI,206,92.2,-1.3,0.8
808,Caleb Boushley,676961,SL,97,83.8,0.4,0.1
809,Caleb Ferguson,657571,FC,394,88.2,-0.2,0.4
810,Caleb Ferguson,657571,FF,475,93.4,0.4,1.3
811,Caleb Ferguson,657571,SI,438,93.2,1.2,0.9
812,Caleb Ferguson,657571,SV,321,80.3,-0.7,-1.0
813,Caleb Freeman,673965,CU,21,82.3,0.5,-1.3
814,Caleb Freeman,673965,FF,34,95.8,-0.8,1.4
815,Caleb Freeman,673965,SL,15,88.6,0.5,0.1
816,Caleb Kilian,668873,CU,186,80.9,0.9,-1.2
817,Caleb Kilian,668873,FF,387,96.8,-0.2,1.3
818,Caleb Kilian,668873,SI,104,96.0,-1.1,1.0
819,Caleb Kilian,668873,SL,101,88.4,0.4,0.0
820,Caleb Thielbar,573204,CU,450,76.2,-0.6,-1.2
821,Caleb Thielbar,573204,FF,678,93.1,0.3,1.6
822,Caleb Thielbar,573204,SL,301,87.9,-0.4,0.4
823,Caleb Thielbar,573204,ST,245,80.6,-1.2,-0.1
824,Calvin Faucher,676534,CH,1,90.9,-1.2,0.4
825,Calvin Faucher,676534,CU,316,85.9,0.8,-1.1
826,Calvin Faucher,676534,FC,774,92.6,0.3,0.3
827,Calvin Faucher,676534,FF,305,96.1,-0.7,1.2
828,Calvin Faucher,676534,SI,309,95.9,-1.4,0.4
829,Calvin Faucher,676534,SL,12,91.6,0.3,-0.1
830,Calvin Faucher,676534,ST,472,87.6,1.2,-0.1
831,Cam Booser,592155,CH,21,87.7,1.3,0.4
832,Cam Booser,592155,FC,342,87.9,-0.3,0.2
833,Cam Booser,592155,FF,511,95.6,0.7,1.3
834,Cam Booser,592155,ST,241,81.3,-1.1,-0.3
835,Cam Sanders,676742,CH,86,90.7,-1.1,0.0
836,Cam Sanders,676742,FF,318,95.9,-0.5,1.3
837,Cam Sanders,676742,SI,16,95.6,-1.2,0.4
838,Cam Sanders,676742,SL,238,85.9,0.3,-0.0
839,Cam Sanders,676742,ST,17,83.1,1.2,-0.4
840,Cam Schlittler,693645,CU,474,85.1,0.5,-0.9
841,Cam Schlittler,693645,FC,921,94.3,0.5,0.8
842,Cam Schlittler,693645,FF,2001,98.0,-0.5,1.4
843,Cam Schlittler,693645,PO,1,96.5,-0.4,1.5
844,Cam Schlittler,693645,SI,664,97.8,-1.1,0.9
845,Cam Schlittler,693645,SL,133,90.9,0.7,0.3
846,Cam Schlittler,693645,ST,30,87.9,0.8,0.7
847,Cameron Foster,671382,FC,38,89.9,0.1,0.7
848,Cameron Foster,671382,FF,110,96.1,-0.7,1.5
849,Cameron Foster,671382,SL,41,84.0,0.2,-0.5
850,Cameron Weston,687721,FS,2,79.0,-0.5,-0.4
851,Cameron Weston,687721,SI,7,91.8,-1.7,0.2
852,Cameron Weston,687721,SL,2,83.3,0.4,0.3
853,Cameron Weston,687721,ST,6,78.4,1.1,0.2
854,Camilo Doval,666808,CH,24,94.5,-1.1,0.2
855,Camilo Doval,666808,FC,760,98.3,-0.3,0.9
856,Camilo Doval,666808,FF,1,90.9,-0.7,0.8
857,Camilo Doval,666808,SI,489,97.9,-0.8,0.3
858,Camilo Doval,666808,SL,837,89.0,0.6,-0.1
859,Carl Edwards Jr.,605218,CH,29,88.7,-1.2,0.9
860,Carl Edwards Jr.,605218,CU,61,79.3,0.5,-1.0
861,Carl Edwards Jr.,605218,FF,99,92.7,0.2,1.5
862,Carlos Carrasco,471911,CH,240,85.1,-0.6,0.1
863,Carlos Carrasco,471911,CU,78,77.8,0.7,-0.5
864,Carlos Carrasco,471911,FC,43,89.6,0.0,0.8
865,Carlos Carrasco,471911,FF,190,91.5,-0.4,1.0
866,Carlos Carrasco,471911,SI,242,90.5,-1.1,0.4
867,Carlos Carrasco,471911,SL,231,84.7,0.2,0.4
868,Carlos Carrasco,471911,ST,1,77.9,0.9,0.4
869,Carlos Cortes,666126,CH,80,73.6,0.9,1.1
870,Carlos Cortes,666126,CU,5,63.5,0.3,0.2
871,Carlos Cortes,666126,EP,2,70.6,-0.8,0.1
872,Carlos Cortes,666126,FF,25,71.0,0.7,1.1
873,Carlos Cortes,666126,SL,47,67.4,0.1,1.1
874,Carlos Duran,679922,CH,1,90.2,-1.4,-0.0
875,Carlos Duran,679922,FF,25,95.7,-0.8,1.0
876,Carlos Duran,679922,SI,22,94.7,-1.3,0.5
877,Carlos Duran,679922,SL,14,86.2,0.8,0.2
878,Carlos Estevez,608032,CH,169,87.7,-0.9,0.8
879,Carlos Estevez,608032,FF,573,95.7,-0.6,1.4
880,Carlos Estevez,608032,SL,328,87.3,0.4,0.2
881,Carlos Hernandez,672578,CU,52,82.6,0.5,-0.5
882,Carlos Hernandez,672578,FF,414,97.7,-0.7,1.4
883,Carlos Hernandez,672578,FS,163,88.8,-0.8,0.8
884,Carlos Hernandez,672578,SI,22,97.5,-1.2,1.3
885,Carlos Hernandez,672578,SL,157,86.5,0.3,0.2
886,Carlos Hernandez,672578,ST,2,84.6,1.2,-0.2
887,Carlos Rodon,607074,CH,728,85.1,1.0,0.4
888,Carlos Rodon,607074,CU,144,80.0,-0.6,-1.1
889,Carlos Rodon,607074,FC,1,91.1,0.1,0.8
890,Carlos Rodon,607074,FF,2007,94.2,0.8,1.5
891,Carlos Rodon,607074,SI,489,92.5,1.2,0.6
892,Carlos Rodon,607074,SL,1281,86.0,-0.5,-0.1
893,Carlos Rodriguez,692230,CH,113,87.0,-1.4,0.5
894,Carlos Rodriguez,692230,CU,16,76.1,0.8,-0.8
895,Carlos Rodriguez,692230,FC,92,89.5,0.2,0.7
896,Carlos Rodriguez,692230,FF,103,94.0,-0.5,1.4
897,Carlos Rodriguez,692230,SI,12,94.3,-1.3,0.9
898,Carlos Rodriguez,692230,SL,39,80.1,1.1,0.3
899,Carlos Rodriguez,692230,ST,15,82.2,1.2,0.3
900,Carlos Vargas,672841,CH,17,93.7,-1.2,0.2
901,Carlos Vargas,672841,FC,190,94.8,-0.0,0.7
902,Carlos Vargas,672841,FF,31,97.7,-0.7,1.0
903,Carlos Vargas,672841,SI,822,97.3,-1.3,0.4
904,Carlos Vargas,672841,SL,283,89.9,0.4,0.2
905,Carmen Mlodzinski,669387,CH,237,87.6,-0.8,-0.1
906,Carmen Mlodzinski,669387,CU,370,84.2,0.6,-0.8
907,Carmen Mlodzinski,669387,FC,85,92.3,-0.2,0.9
908,Carmen Mlodzinski,669387,FF,1130,95.6,-0.8,1.0
909,Carmen Mlodzinski,669387,FS,527,85.8,-0.8,-0.1
910,Carmen Mlodzinski,669387,SI,614,95.0,-1.4,0.5
911,Carmen Mlodzinski,669387,SL,336,89.0,0.2,0.3
912,Carmen Mlodzinski,669387,ST,379,83.6,0.9,0.1
913,Carson Fulmer,608334,CH,131,87.0,-1.2,0.2
914,Carson Fulmer,608334,CU,29,81.3,0.6,-0.7
915,Carson Fulmer,608334,FF,122,92.7,-0.7,1.3
916,Carson Fulmer,608334,PO,1,90.5,-0.9,1.4
917,Carson Fulmer,608334,SI,97,92.4,-1.2,0.8
918,Carson Fulmer,608334,SL,81,86.6,0.4,0.3
919,Carson Kelly,608348,FF,29,64.8,-0.5,1.6
920,Carson Palmquist,687223,CH,24,81.4,1.0,0.4
921,Carson Palmquist,687223,FC,120,81.9,-0.2,0.5
922,Carson Palmquist,687223,FF,347,90.4,0.9,1.0
923,Carson Palmquist,687223,SI,174,90.7,1.3,0.7
924,Carson Palmquist,687223,ST,353,73.9,-0.9,0.1
925,Carson Ragsdale,685068,CU,30,81.3,0.6,-1.1
926,Carson Ragsdale,685068,FF,27,93.9,-0.4,1.4
927,Carson Ragsdale,685068,FS,9,88.0,-0.5,0.3
928,Carson Ragsdale,685068,SI,22,92.4,-1.1,0.9
929,Carson Ragsdale,685068,SL,7,89.2,0.3,0.6
930,Carson Seymour,693313,CU,41,85.4,0.7,-0.7
931,Carson Seymour,693313,FC,177,94.0,-0.1,0.5
932,Carson Seymour,693313,FF,222,97.0,-0.7,1.2
933,Carson Seymour,693313,FS,14,91.7,-1.0,-0.1
934,Carson Seymour,693313,SI,435,96.3,-1.3,0.5
935,Carson Seymour,693313,SL,242,87.8,0.0,-0.5
936,Carson Spiers,686730,CH,61,87.0,-1.4,0.3
937,Carson Spiers,686730,FC,47,87.9,0.2,0.6
938,Carson Spiers,686730,FF,43,92.2,-0.4,1.4
939,Carson Spiers,686730,SI,73,91.9,-1.3,0.6
940,Carson Spiers,686730,ST,83,80.7,1.3,0.1
941,Carson Whisenhunt,687931,CH,368,82.5,1.3,0.6
942,Carson Whisenhunt,687931,CU,12,80.4,-0.9,-0.6
943,Carson Whisenhunt,687931,FF,221,92.7,0.8,1.4
944,Carson Whisenhunt,687931,SI,246,92.7,1.0,1.2
945,Carson Whisenhunt,687931,SL,162,84.3,-0.1,-0.0
946,Carson Whisenhunt,687931,SV,16,81.0,-1.1,-0.7
947,Carter Baumler,691945,CU,56,84.3,0.6,-1.1
948,Carter Baumler,691945,FF,39,95.0,-0.8,1.5
949,Carter Baumler,691945,SI,8,94.6,-1.4,1.0
950,Carter Baumler,691945,SL,14,88.4,0.3,0.6
951,Casey Kelly,543391,CH,3,85.3,-1.1,0.9
952,Casey Kelly,543391,CU,1,80.7,0.2,-0.6
953,Casey Kelly,543391,FF,10,91.5,-0.4,1.4
954,Casey Kelly,543391,SI,5,90.3,-1.1,0.9
955,Casey Kelly,543391,SL,5,85.3,0.3,0.5
956,Casey Lawrence,596271,CH,59,80.6,-1.5,0.1
957,Casey Lawrence,596271,CU,2,75.4,0.6,-0.4
958,Casey Lawrence,596271,FC,5,82.9,-0.4,0.6
959,Casey Lawrence,596271,FF,19,87.9,-1.1,1.0
960,Casey Lawrence,596271,SI,110,87.5,-1.4,0.4
961,Casey Lawrence,596271,SL,18,78.4,0.2,0.5
962,Casey Lawrence,596271,ST,63,77.7,1.0,0.4
963,Casey Legumina,668984,CH,215,87.1,-1.3,0.0
964,Casey Legumina,668984,FF,952,93.7,-1.2,1.1
965,Casey Legumina,668984,SI,368,93.2,-1.5,0.7
966,Casey Legumina,668984,SL,132,84.9,0.3,0.4
967,Casey Legumina,668984,ST,273,80.5,0.9,0.5
968,Casey Mize,663554,FF,1504,94.0,-0.7,1.5
969,Casey Mize,663554,FS,1045,88.2,-1.2,0.4
970,Casey Mize,663554,SI,475,94.2,-1.2,1.2
971,Casey Mize,663554,SL,920,87.8,0.3,0.4
972,Casey Mize,663554,ST,1,83.5,1.0,0.4
973,Casey Mize,663554,SV,420,83.1,0.7,-0.2
974,Cesar Perdomo,702885,CH,86,86.8,1.3,0.4
975,Cesar Perdomo,702885,FF,138,93.1,0.7,1.3
976,Cesar Perdomo,702885,SL,74,85.9,-0.1,0.2
977,Cesar Salazar,663967,EP,21,54.9,-0.6,1.7
978,Chad Dallas,689149,CU,62,84.0,0.5,-1.2
979,Chad Dallas,689149,FC,74,92.7,0.3,1.0
980,Chad Dallas,689149,FF,21,93.4,0.1,1.2
981,Chad Dallas,689149,SI,5,94.5,-0.7,1.1
982,Chad Dallas,689149,ST,65,84.0,1.3,-0.1
983,Chad Green,643338,FF,356,95.2,-0.6,1.5
984,Chad Green,643338,PO,1,93.7,-0.7,1.6
985,Chad Green,643338,SI,16,94.4,-1.1,1.0
986,Chad Green,643338,SL,337,88.1,0.3,0.3
987,Chad Patrick,694477,CH,136,88.7,-1.0,0.3
988,Chad Patrick,694477,FC,1547,88.9,0.3,1.0
989,Chad Patrick,694477,FF,864,94.9,-0.6,1.3
990,Chad Patrick,694477,SI,874,94.8,-1.3,0.8
991,Chad Patrick,694477,SL,124,84.5,0.7,0.4
992,Chad Patrick,694477,SV,153,86.0,0.4,-0.3
993,Chadwick Tromp,644433,CU,10,37.9,-0.2,1.3
994,Chadwick Tromp,644433,SL,6,43.3,-0.3,1.5
995,Charlie Barnes,656212,CH,36,82.4,1.4,0.3
996,Charlie Barnes,656212,FF,67,89.3,0.9,1.1
997,Charlie Barnes,656212,SI,43,89.2,1.4,0.5
998,Charlie Barnes,656212,SL,41,83.6,-0.4,0.0
999,Charlie Barnes,656212,ST,14,78.6,-1.5,-0.2
1000,Charlie Morton,450203,CH,253,87.5,-1.1,-0.3
1001,Charlie Morton,450203,CU,976,81.4,1.3,-0.7
1002,Charlie Morton,450203,FC,230,88.0,0.1,0.4
1003,Charlie Morton,450203,FF,704,94.2,-1.0,1.0
1004,Charlie Morton,450203,SI,385,94.0,-1.5,0.4
1005,Chas McCormick,676801,EP,2,64.1,-0.1,0.8
1006,Chas McCormick,676801,FF,27,68.1,0.2,1.3
1007,Chas McCormick,676801,SL,25,69.3,0.2,1.2
1008,Chase Burns,695505,CH,177,90.4,-1.2,0.8
1009,Chase Burns,695505,CU,6,82.8,0.2,-0.3
1010,Chase Burns,695505,FF,1868,97.9,-0.3,1.5
1011,Chase Burns,695505,PO,1,91.5,-0.6,1.4
1012,Chase Burns,695505,SI,16,97.8,-0.9,1.2
1013,Chase Burns,695505,SL,1266,90.3,0.3,0.0
1014,Chase Dollander,801403,CH,216,89.7,-1.3,0.3
1015,Chase Dollander,801403,CU,438,79.3,1.2,-0.6
1016,Chase Dollander,801403,FC,214,89.7,0.4,0.3
1017,Chase Dollander,801403,FF,1142,98.2,-1.0,1.0
1018,Chase Dollander,801403,SI,358,97.7,-1.4,0.5
1019,Chase Dollander,801403,SL,113,87.6,0.5,-0.0
1020,Chase Dollander,801403,ST,40,85.7,0.8,0.5
1021,Chase Lee,695445,CH,49,85.6,-1.1,-0.4
1022,Chase Lee,695445,FF,178,89.3,-0.4,0.5
1023,Chase Lee,695445,SI,243,89.1,-0.8,-0.2
1024,Chase Lee,695445,ST,257,80.0,1.6,0.5
1025,Chase Petty,695534,CH,130,87.5,-1.3,0.1
1026,Chase Petty,695534,FF,152,96.5,-1.3,1.1
1027,Chase Petty,695534,SI,160,96.1,-1.3,0.9
1028,Chase Petty,695534,SL,92,90.5,-0.1,0.2
1029,Chase Petty,695534,ST,112,83.9,1.0,0.2
1030,Chase Shugart,663767,CH,125,88.8,-1.3,0.5
1031,Chase Shugart,663767,FC,438,90.8,0.3,0.6
1032,Chase Shugart,663767,FF,209,95.7,-0.6,1.3
1033,Chase Shugart,663767,SI,377,94.8,-1.3,0.8
1034,Chase Shugart,663767,ST,370,81.7,1.4,0.0
1035,Chase Silseth,681217,FF,517,95.8,-0.6,1.3
1036,Chase Silseth,681217,FS,298,88.0,-0.9,0.2
1037,Chase Silseth,681217,SI,164,95.5,-1.2,0.8
1038,Chase Silseth,681217,ST,287,85.7,0.9,-0.0
1039,Chase Solesky,686678,CH,6,86.2,-0.9,0.3
1040,Chase Solesky,686678,FC,9,87.4,0.3,0.4
1041,Chase Solesky,686678,FF,6,93.1,-0.5,1.5
1042,Chase Solesky,686678,SI,22,93.2,-1.4,1.0
1043,Chase Solesky,686678,ST,15,82.8,1.2,0.5
1044,Chayce McDermott,694646,CH,8,83.2,-0.8,0.3
1045,Chayce McDermott,694646,CU,2,75.8,0.8,-1.5
1046,Chayce McDermott,694646,FC,77,89.1,0.4,0.4
1047,Chayce McDermott,694646,FF,169,94.2,-0.5,1.5
1048,Chayce McDermott,694646,FS,9,86.1,-0.7,0.4
1049,Chayce McDermott,694646,SL,80,83.4,0.5,-0.1
1050,Chayce McDermott,694646,ST,5,80.8,1.2,0.2
1051,Chris Bassitt,605135,CH,146,84.8,-1.4,0.2
1052,Chris Bassitt,605135,CU,819,71.3,1.4,-1.0
1053,Chris Bassitt,605135,FC,806,89.1,-0.0,0.7
1054,Chris Bassitt,605135,FF,404,91.8,-0.5,0.9
1055,Chris Bassitt,605135,FS,130,83.7,-1.2,-0.1
1056,Chris Bassitt,605135,SI,1788,91.8,-1.4,0.4
1057,Chris Bassitt,605135,SL,117,82.3,0.6,-0.1
1058,Chris Bassitt,605135,ST,260,72.9,1.6,-0.1
1059,Chris Devenski,606965,CH,161,82.9,-1.4,0.1
1060,Chris Devenski,606965,FC,49,86.4,0.2,0.6
1061,Chris Devenski,606965,FF,112,92.6,-1.0,1.4
1062,Chris Devenski,606965,SI,2,92.3,-1.3,1.0
1063,Chris Devenski,606965,SL,3,81.2,0.3,0.4
1064,Chris Devenski,606965,ST,69,78.5,1.2,-0.0
1065,Chris Flexen,623167,CH,14,81.1,-1.0,0.7
1066,Chris Flexen,623167,CU,115,72.8,0.8,-1.3
1067,Chris Flexen,623167,FC,190,89.1,0.6,0.7
1068,Chris Flexen,623167,FF,277,92.4,-0.2,1.5
1069,Chris Flexen,623167,SL,60,81.0,0.1,-0.9
1070,Chris Flexen,623167,SV,17,77.6,0.4,-1.4
1071,Chris Martin,455119,CU,8,84.0,0.4,-0.5
1072,Chris Martin,455119,FC,335,91.4,0.2,0.7
1073,Chris Martin,455119,FF,262,94.7,-0.7,1.3
1074,Chris Martin,455119,FS,139,88.3,-0.9,0.2
1075,Chris Martin,455119,SI,113,94.2,-1.3,0.9
1076,Chris Martin,455119,ST,29,84.2,0.9,-0.4
1077,Chris Murphy,669684,CH,47,84.7,1.4,0.3
1078,Chris Murphy,669684,CU,325,77.4,-1.2,-1.0
1079,Chris Murphy,669684,FF,393,95.4,0.6,1.4
1080,Chris Murphy,669684,FS,10,82.8,0.9,0.3
1081,Chris Murphy,669684,SI,41,92.9,1.3,0.8
1082,Chris Murphy,669684,SL,295,88.6,-0.3,0.4
1083,Chris Murphy,669684,ST,65,79.5,-1.5,0.2
1084,Chris Murphy,669684,SV,7,82.5,-0.7,-0.5
1085,Chris Paddack,663978,CH,878,84.6,-1.3,0.4
1086,Chris Paddack,663978,CU,419,77.8,0.5,-1.1
1087,Chris Paddack,663978,FC,312,87.7,0.1,0.7
1088,Chris Paddack,663978,FF,1484,93.5,-0.7,1.5
1089,Chris Paddack,663978,SI,175,93.3,-1.1,1.2
1090,Chris Paddack,663978,SL,233,85.6,0.2,0.5
1091,Chris Paddack,663978,ST,79,79.3,0.9,-0.4
1092,Chris Roycroft,688297,CH,2,88.6,-1.2,0.7
1093,Chris Roycroft,688297,FC,203,89.0,0.3,0.1
1094,Chris Roycroft,688297,FF,242,95.2,-0.5,0.8
1095,Chris Roycroft,688297,SI,531,96.0,-1.4,0.2
1096,Chris Roycroft,688297,ST,49,85.9,0.8,0.3
1097,Chris Sale,519242,CH,409,87.8,1.4,-0.0
1098,Chris Sale,519242,FF,1865,95.5,1.2,0.8
1099,Chris Sale,519242,SI,287,95.1,1.5,0.2
1100,Chris Sale,519242,SL,1947,79.4,-1.0,-0.3
1101,Chris Stratton,608717,CH,75,84.7,-1.3,0.3
1102,Chris Stratton,608717,CU,86,80.4,1.1,-0.6
1103,Chris Stratton,608717,FF,166,91.2,-0.4,1.3
1104,Chris Stratton,608717,SI,11,91.4,-1.2,0.6
1105,Chris Stratton,608717,SL,68,85.8,0.5,-0.1
1106,Chris Stratton,608717,ST,5,83.9,1.2,-0.1
1107,Christian Koss,683766,CH,2,83.5,-0.7,1.3
1108,Christian Koss,683766,CU,13,49.4,0.6,0.6
1109,Christian Koss,683766,EP,52,50.4,0.6,0.4
1110,Christian Koss,683766,FF,1,83.7,-0.7,1.4
1111,Christian Koss,683766,KN,2,58.8,0.3,0.0
1112,Christian Montes De Oca,801216,CH,4,91.1,-1.2,0.7
1113,Christian Montes De Oca,801216,FF,16,96.1,-0.6,1.4
1114,Christian Montes De Oca,801216,SI,12,95.5,-1.2,1.0
1115,Christian Montes De Oca,801216,SL,14,85.5,0.3,-0.1
1116,Christian Roa,685005,CH,17,88.1,-1.1,0.3
1117,Christian Roa,685005,FC,7,88.5,0.8,-0.1
1118,Christian Roa,685005,FF,53,96.2,-0.7,1.2
1119,Christian Roa,685005,SI,75,95.9,-1.2,0.9
1120,Christian Roa,685005,SL,67,87.3,0.6,0.1
1121,Christian Scott,681035,CU,60,81.6,0.9,-0.6
1122,Christian Scott,681035,FC,369,89.6,0.2,0.6
1123,Christian Scott,681035,FF,927,95.5,-0.8,1.3
1124,Christian Scott,681035,FS,84,84.7,-1.1,0.1
1125,Christian Scott,681035,SI,33,92.2,-1.4,0.8
1126,Christian Scott,681035,SL,42,82.4,0.7,-0.4
1127,Christian Scott,681035,ST,449,81.4,1.4,0.4
1128,Cionel Perez,672335,CU,128,85.6,-0.3,-0.8
1129,Cionel Perez,672335,FC,6,91.1,-0.3,0.9
1130,Cionel Perez,672335,FF,203,96.5,0.5,1.2
1131,Cionel Perez,672335,SI,393,96.2,1.2,0.6
1132,Cionel Perez,672335,SL,99,88.2,-0.5,0.2
1133,Cionel Perez,672335,SV,334,85.0,-1.0,-0.4
1134,Clarke Schmidt,657376,CU,227,85.0,0.8,-1.1
1135,Clarke Schmidt,657376,FC,504,92.2,0.1,0.8
1136,Clarke Schmidt,657376,FF,102,94.2,-0.4,1.3
1137,Clarke Schmidt,657376,SI,102,92.6,-1.0,0.3
1138,Clarke Schmidt,657376,SL,166,85.2,0.7,0.4
1139,Clarke Schmidt,657376,ST,149,83.1,1.4,-0.1
1140,Clay Holmes,605280,CH,665,88.1,-0.9,-0.0
1141,Clay Holmes,605280,CU,109,81.1,0.8,-1.2
1142,Clay Holmes,605280,FC,379,88.4,0.1,0.2
1143,Clay Holmes,605280,FF,164,93.2,-0.6,1.1
1144,Clay Holmes,605280,SI,1876,93.5,-1.3,0.2
1145,Clay Holmes,605280,SL,295,85.3,0.2,-0.3
1146,Clay Holmes,605280,ST,811,81.7,1.4,-0.4
1147,Clayton Beeter,690925,FF,645,96.0,-0.3,1.5
1148,Clayton Beeter,690925,SL,616,86.7,0.3,-0.5
1149,Clayton Kershaw,477132,CU,318,72.2,-0.3,-1.2
1150,Clayton Kershaw,477132,EP,1,58.3,-0.7,0.8
1151,Clayton Kershaw,477132,FF,612,89.0,-0.0,1.5
1152,Clayton Kershaw,477132,FS,98,83.1,0.8,1.1
1153,Clayton Kershaw,477132,SI,11,89.1,0.7,1.3
1154,Clayton Kershaw,477132,SL,730,85.7,-0.4,0.7
1155,Codi Heuer,676051,CH,52,87.2,-1.5,0.5
1156,Codi Heuer,676051,FF,119,95.1,-1.0,1.1
1157,Codi Heuer,676051,SI,1,96.5,-1.4,0.9
1158,Codi Heuer,676051,SL,104,85.6,0.3,0.1
1159,Cody Bolton,675989,CH,42,89.5,-1.2,0.1
1160,Cody Bolton,675989,CU,45,79.2,1.1,-1.0
1161,Cody Bolton,675989,FC,96,90.7,0.5,0.5
1162,Cody Bolton,675989,FF,116,94.8,-0.4,1.2
1163,Cody Bolton,675989,SI,76,94.4,-1.3,0.7
1164,Cody Bolton,675989,ST,56,82.3,1.2,0.1
1165,Cody Bradford,674003,CH,196,81.0,1.2,0.8
1166,Cody Bradford,674003,CU,31,75.0,-0.5,-0.3
1167,Cody Bradford,674003,FF,333,88.5,0.3,1.4
1168,Cody Bradford,674003,SI,4,88.2,0.9,1.1
1169,Cody Bradford,674003,SL,64,80.8,-0.4,0.1
1170,Cody Laweryson,689520,CH,68,83.2,-1.3,0.1
1171,Cody Laweryson,689520,FC,60,84.4,0.1,0.2
1172,Cody Laweryson,689520,FF,261,92.7,-1.2,1.2
1173,Cody Ponce,664074,CH,12,88.2,-0.4,0.5
1174,Cody Ponce,664074,CU,6,84.5,0.1,-0.7
1175,Cody Ponce,664074,FF,12,95.9,-0.8,1.5
1176,Cody Ponce,664074,SL,17,88.3,0.1,0.4
1177,Cody Poteet,547001,CH,14,86.8,-1.3,0.3
1178,Cody Poteet,547001,FF,5,92.2,-0.6,1.3
1179,Cody Poteet,547001,SI,19,92.3,-1.1,0.8
1180,Cody Poteet,547001,SL,24,84.3,0.4,-0.2
1181,Cody Poteet,547001,ST,6,81.1,1.2,-0.1
1182,Cole Henry,669371,CH,27,87.3,-1.6,0.3
1183,Cole Henry,669371,CU,320,80.8,1.2,0.0
1184,Cole Henry,669371,FC,54,89.0,0.1,0.7
1185,Cole Henry,669371,FF,619,94.3,-1.2,1.2
1186,Cole Henry,669371,SI,131,94.4,-1.5,0.6
1187,Cole Henry,669371,ST,98,82.2,1.3,0.1
1188,Cole Irvin,608344,CH,22,82.0,1.0,0.5
1189,Cole Irvin,608344,FC,29,85.0,-0.1,0.4
1190,Cole Irvin,608344,FF,21,90.8,0.8,1.2
1191,Cole Irvin,608344,SI,23,89.9,1.2,0.9
1192,Cole Irvin,608344,SV,7,74.9,-0.9,-0.5
1193,Cole Ragans,666142,CH,312,84.3,1.3,1.0
1194,Cole Ragans,666142,CU,192,79.9,-0.9,-1.1
1195,Cole Ragans,666142,FC,87,89.8,0.0,0.7
1196,Cole Ragans,666142,FF,892,95.1,1.1,1.4
1197,Cole Ragans,666142,SL,234,84.9,-0.1,-0.1
1198,Cole Ragans,666142,UN,1,60.5,-1.2,-0.9
1199,Cole Sands,663485,CU,240,81.6,1.4,-0.5
1200,Cole Sands,663485,FC,325,89.1,0.2,0.7
1201,Cole Sands,663485,FF,387,94.6,-0.9,1.2
1202,Cole Sands,663485,FS,281,88.1,-1.2,0.0
1203,Cole Sands,663485,SI,119,93.7,-1.4,0.6
1204,Cole Sulser,642121,CH,489,83.7,-1.2,0.2
1205,Cole Sulser,642121,FC,194,87.5,0.3,0.7
1206,Cole Sulser,642121,FF,543,92.4,-0.8,1.6
1207,Cole Sulser,642121,PO,1,89.3,-0.5,1.4
1208,Cole Sulser,642121,ST,34,82.8,1.0,0.6
1209,Cole Wilcox,677961,CH,58,87.8,-1.3,-0.1
1210,Cole Wilcox,677961,FF,135,96.6,-1.1,0.9
1211,Cole Wilcox,677961,SI,101,96.6,-1.4,0.6
1212,Cole Wilcox,677961,SL,93,87.5,-0.0,-0.1
1213,Cole Wilcox,677961,ST,140,86.5,0.9,-0.4
1214,Cole Winn,668390,CU,7,83.9,0.8,-0.8
1215,Cole Winn,668390,FC,340,91.2,0.2,0.7
1216,Cole Winn,668390,FF,424,95.7,-0.5,1.4
1217,Cole Winn,668390,FS,188,87.5,-1.2,0.2
1218,Cole Winn,668390,SI,141,95.2,-1.3,0.7
1219,Cole Winn,668390,SL,306,85.9,0.2,-0.4
1220,Coleman Crow,689441,CU,61,74.1,1.5,-1.2
1221,Coleman Crow,689441,FC,107,87.4,0.2,0.6
1222,Coleman Crow,689441,FF,54,91.3,-0.6,1.2
1223,Coleman Crow,689441,SI,50,91.3,-1.2,0.7
1224,Coleman Crow,689441,ST,23,79.1,1.8,0.2
1225,Colin Holderman,670059,CU,90,83.1,1.1,-0.8
1226,Colin Holderman,670059,FC,124,90.4,0.2,0.5
1227,Colin Holderman,670059,FF,74,97.0,-0.9,1.1
1228,Colin Holderman,670059,FS,19,90.1,-1.4,0.1
1229,Colin Holderman,670059,SI,621,96.9,-1.4,0.5
1230,Colin Holderman,670059,ST,424,84.1,0.9,0.4
1231,Colin Poche,621363,FF,175,92.2,0.2,1.6
1232,Colin Poche,621363,SL,69,82.6,-0.5,0.2
1233,Colin Rea,607067,CH,402,87.7,-1.0,-0.1
1234,Colin Rea,607067,CU,355,80.2,0.9,-0.6
1235,Colin Rea,607067,FC,312,87.8,0.2,0.6
1236,Colin Rea,607067,FF,1995,93.8,-0.7,1.1
1237,Colin Rea,607067,FS,306,87.4,-1.1,-0.0
1238,Colin Rea,607067,PO,1,93.9,-0.7,1.3
1239,Colin Rea,607067,SI,432,92.8,-1.2,0.7
1240,Colin Rea,607067,SL,498,85.7,0.3,-0.1
1241,Colin Rea,607067,ST,426,82.8,1.2,0.2
1242,Colin Selby,681882,CU,56,83.2,0.9,-1.2
1243,Colin Selby,681882,FF,32,95.8,-0.6,1.4
1244,Colin Selby,681882,SI,90,95.5,-1.2,0.9
1245,Colin Selby,681882,SL,36,88.1,0.3,0.2
1246,Collin Snider,676092,FC,115,86.8,0.5,-0.1
1247,Collin Snider,676092,FF,150,92.4,-0.1,0.7
1248,Collin Snider,676092,SI,21,93.1,-0.8,0.5
1249,Collin Snider,676092,ST,136,82.4,1.2,0.2
1250,Collin Snider,676092,SV,55,84.1,0.8,-0.2
1251,Colton Gordon,676467,CH,151,83.9,1.0,0.6
1252,Colton Gordon,676467,CU,171,76.2,-1.1,-0.1
1253,Colton Gordon,676467,FF,688,91.1,0.9,1.4
1254,Colton Gordon,676467,SI,200,91.5,1.3,1.0
1255,Colton Gordon,676467,SL,17,84.6,-0.2,0.6
1256,Colton Gordon,676467,ST,496,81.0,-0.8,0.5
1257,Connelly Early,813349,CH,341,83.7,0.9,-0.2
1258,Connelly Early,813349,CU,234,80.2,-0.8,-0.8
1259,Connelly Early,813349,FF,631,94.0,0.9,1.3
1260,Connelly Early,813349,SI,346,92.5,1.5,0.7
1261,Connelly Early,813349,SL,161,86.9,-0.0,0.5
1262,Connelly Early,813349,ST,138,82.6,-1.1,-0.1
1263,Connor Brogdon,641401,CH,463,84.0,-1.4,0.6
1264,Connor Brogdon,641401,CU,7,78.8,1.4,-0.2
1265,Connor Brogdon,641401,FC,165,86.9,0.3,0.6
1266,Connor Brogdon,641401,FF,486,95.2,-0.9,1.3
1267,Connor Gillispie,687362,CH,73,87.1,-1.4,0.5
1268,Connor Gillispie,687362,CU,5,78.3,0.9,-0.9
1269,Connor Gillispie,687362,FC,116,86.7,0.1,0.7
1270,Connor Gillispie,687362,FF,138,91.2,-0.6,1.6
1271,Connor Gillispie,687362,ST,139,81.1,1.2,-0.2
1272,Connor Phillips,683175,CU,35,86.9,0.3,-0.7
1273,Connor Phillips,683175,FF,455,98.3,-0.8,1.4
1274,Connor Phillips,683175,ST,433,86.0,1.3,0.1
1275,Connor Prielipp,687570,CH,200,86.7,1.1,0.3
1276,Connor Prielipp,687570,CU,347,83.1,-1.0,-0.6
1277,Connor Prielipp,687570,FF,534,95.6,0.7,1.3
1278,Connor Prielipp,687570,SI,297,95.0,1.2,0.8
1279,Connor Prielipp,687570,SL,612,87.9,-0.3,0.1
1280,Connor Seabold,657756,CH,149,82.6,-1.4,0.0
1281,Connor Seabold,657756,FC,48,86.8,0.3,0.5
1282,Connor Seabold,657756,FF,346,93.3,-0.9,1.3
1283,Connor Seabold,657756,SL,113,84.0,0.4,0.1
1284,Connor Seabold,657756,ST,5,80.9,0.6,0.1
1285,Connor Thomas,671162,CH,95,85.2,1.0,-0.2
1286,Connor Thomas,671162,FC,88,87.3,-0.1,0.3
1287,Connor Thomas,671162,FF,84,91.6,0.6,1.1
1288,Connor Thomas,671162,SI,128,90.5,1.3,0.2
1289,Connor Thomas,671162,ST,87,82.9,-1.1,-0.4
1290,Cooper Criswell,681867,CH,245,85.0,-1.1,-0.5
1291,Cooper Criswell,681867,FC,197,87.0,0.1,0.6
1292,Cooper Criswell,681867,FF,44,90.7,-0.8,0.8
1293,Cooper Criswell,681867,SI,240,90.4,-1.3,-0.2
1294,Cooper Criswell,681867,ST,139,78.0,1.6,0.5
1295,Cooper Criswell,681867,SV,4,82.1,1.2,-0.2
1296,Cooper Hjerpe,687309,CH,25,80.9,1.3,-0.3
1297,Cooper Hjerpe,687309,FC,21,86.2,0.0,0.6
1298,Cooper Hjerpe,687309,FF,83,90.8,1.1,0.7
1299,Cooper Hjerpe,687309,ST,51,77.6,-1.3,0.2
1300,Cooper Hummel,669450,CH,3,78.1,-0.8,1.5
1301,Cooper Hummel,669450,SL,14,77.5,-0.6,1.4
1302,Corbin Burnes,669203,CH,95,87.7,-1.3,0.6
1303,Corbin Burnes,669203,CU,241,79.6,0.8,-0.9
1304,Corbin Burnes,669203,FC,660,93.7,0.2,1.0
1305,Corbin Burnes,669203,SI,112,95.3,-1.1,0.9
1306,Corbin Burnes,669203,SL,99,87.7,0.5,0.1
1307,Corbin Martin,656686,CH,18,90.2,-1.1,0.5
1308,Corbin Martin,656686,CU,95,86.5,-0.1,-0.6
1309,Corbin Martin,656686,FF,203,95.6,-0.2,1.3
1310,Corbin Martin,656686,SI,4,95.2,-0.9,1.0
1311,Corbin Martin,656686,SL,110,91.8,0.4,0.6
1312,Corbin Martin,656686,ST,13,87.3,0.6,0.2
1313,Craig Kimbrel,518886,CH,36,88.4,-1.4,0.2
1314,Craig Kimbrel,518886,CU,119,84.1,1.0,-0.6
1315,Craig Kimbrel,518886,FF,660,93.6,-1.0,1.2
1316,Craig Kimbrel,518886,SI,59,93.8,-1.4,0.8
1317,Craig Kimbrel,518886,ST,132,85.5,1.1,0.0
1318,Craig Yoho,684974,CH,418,78.6,-1.4,-0.5
1319,Craig Yoho,684974,FC,88,90.5,0.0,0.8
1320,Craig Yoho,684974,FF,186,93.8,-1.4,0.9
1321,Craig Yoho,684974,SI,88,94.3,-1.5,0.5
1322,Craig Yoho,684974,ST,21,76.4,1.6,-0.8
1323,Cristian Javier,664299,CH,293,84.9,-1.1,0.7
1324,Cristian Javier,664299,CU,90,76.6,1.0,-1.0
1325,Cristian Javier,664299,FC,69,88.9,0.3,0.8
1326,Cristian Javier,664299,FF,775,93.0,-0.4,1.5
1327,Cristian Javier,664299,PO,1,93.2,-0.6,1.4
1328,Cristian Javier,664299,SI,73,92.6,-1.2,1.1
1329,Cristian Javier,664299,ST,425,80.6,1.1,0.3
1330,Cristian Mena,691441,CH,15,91.5,-1.0,0.5
1331,Cristian Mena,691441,CU,33,88.2,0.1,-0.1
1332,Cristian Mena,691441,FF,29,95.3,-0.5,1.5
1333,Cristian Mena,691441,SI,12,94.4,-1.1,0.9
1334,Cristian Mena,691441,ST,11,87.1,0.5,0.6
1335,Cristopher Sanchez,650911,CH,2210,86.6,1.4,-0.1
1336,Cristopher Sanchez,650911,FC,2,88.6,0.0,-0.4
1337,Cristopher Sanchez,650911,SI,2690,95.2,1.5,0.4
1338,Cristopher Sanchez,650911,SL,1052,86.0,-0.1,-0.2
1339,DJ Herz,687792,CH,20,82.8,1.3,0.5
1340,DJ Herz,687792,CU,2,80.3,-0.0,0.2
1341,DJ Herz,687792,FF,30,93.0,1.0,1.4
1342,DJ Herz,687792,SL,11,87.5,0.1,0.9
1343,DL Hall,669084,CH,251,85.0,1.3,0.7
1344,DL Hall,669084,CU,209,81.5,-0.8,-1.0
1345,DL Hall,669084,FC,111,92.1,-0.0,0.8
1346,DL Hall,669084,FF,295,94.5,0.6,1.3
1347,DL Hall,669084,SI,373,95.4,1.3,0.9
1348,DL Hall,669084,SL,206,86.7,-0.6,-0.1
1349,DL Hall,669084,ST,79,85.0,-1.4,0.0
1350,Dan Altavilla,656186,CH,105,91.7,-1.3,0.1
1351,Dan Altavilla,656186,FF,119,96.0,-0.9,1.2
1352,Dan Altavilla,656186,SI,118,96.5,-1.4,0.7
1353,Dan Altavilla,656186,SL,114,90.7,0.2,0.4
1354,Dane Dunning,641540,CH,67,85.5,-1.4,0.6
1355,Dane Dunning,641540,CU,11,75.7,0.9,-1.3
1356,Dane Dunning,641540,FC,147,88.7,-0.1,1.0
1357,Dane Dunning,641540,FF,2,89.6,-0.8,1.4
1358,Dane Dunning,641540,SI,111,90.2,-1.2,0.7
1359,Dane Dunning,641540,SL,34,80.4,0.3,-0.3
1360,Daniel Duarte,650960,CH,49,88.4,-1.2,0.4
1361,Daniel Duarte,650960,FC,153,89.9,0.4,0.7
1362,Daniel Duarte,650960,FF,72,95.0,-0.6,1.4
1363,Daniel Duarte,650960,SI,68,93.3,-1.4,0.8
1364,Daniel Duarte,650960,ST,121,81.5,1.4,0.2
1365,Daniel Espino,682982,CU,19,75.7,0.9,-1.3
1366,Daniel Espino,682982,FF,149,98.8,-0.6,1.4
1367,Daniel Espino,682982,SL,75,92.0,0.3,0.3
1368,Daniel Lynch IV,663738,CH,512,85.7,1.2,0.2
1369,Daniel Lynch IV,663738,CU,227,82.2,-0.2,-0.2
1370,Daniel Lynch IV,663738,FF,437,94.3,0.8,1.3
1371,Daniel Lynch IV,663738,SI,588,93.9,1.4,0.8
1372,Daniel Lynch IV,663738,SL,548,87.0,-0.2,0.3
1373,Daniel Palencia,694037,CU,3,82.2,0.2,0.1
1374,Daniel Palencia,694037,FF,903,99.4,-0.9,1.3
1375,Daniel Palencia,694037,FS,62,88.6,-0.8,0.3
1376,Daniel Palencia,694037,SI,27,99.1,-1.4,1.0
1377,Daniel Palencia,694037,SL,308,89.2,0.2,0.2
1378,Daniel Robert,642016,CH,1,91.6,-0.9,1.4
1379,Daniel Robert,642016,FC,66,91.0,0.2,0.6
1380,Daniel Robert,642016,FF,59,96.3,-0.7,1.3
1381,Daniel Robert,642016,SI,23,95.3,-1.3,0.7
1382,Daniel Robert,642016,ST,106,84.1,1.1,0.2
1383,Danny Coulombe,543056,CU,45,78.5,-0.4,-1.5
1384,Danny Coulombe,543056,FC,432,85.2,-0.4,0.3
1385,Danny Coulombe,543056,FF,177,90.2,0.0,1.3
1386,Danny Coulombe,543056,PO,1,88.1,-0.2,1.1
1387,Danny Coulombe,543056,SI,253,90.1,0.9,1.1
1388,Danny Coulombe,543056,ST,197,80.8,-1.0,-0.3
1389,Danny Young,664849,CH,2,87.0,1.4,-0.2
1390,Danny Young,664849,FC,7,91.1,0.5,0.6
1391,Danny Young,664849,SI,217,93.3,1.5,0.2
1392,Danny Young,664849,ST,197,82.6,-1.5,0.0
1393,Darren McCaughan,670766,CH,10,80.8,-1.2,0.4
1394,Darren McCaughan,670766,FF,20,88.9,-0.5,1.2
1395,Darren McCaughan,670766,SI,20,90.1,-1.4,0.6
1396,Darren McCaughan,670766,ST,36,82.2,0.9,0.4
1397,Dauri Moreta,664294,CH,3,86.0,-0.9,1.2
1398,Dauri Moreta,664294,FF,121,94.6,-0.9,1.4
1399,Dauri Moreta,664294,SL,161,83.5,-0.2,0.1
1400,David Bednar,670280,CU,572,77.4,0.7,-0.6
1401,David Bednar,670280,FF,898,96.6,-0.7,1.5
1402,David Bednar,670280,FS,664,91.3,-0.7,0.3
1403,David Festa,701581,CH,256,87.8,-1.1,0.6
1404,David Festa,701581,FF,280,94.1,-0.2,1.5
1405,David Festa,701581,SI,110,93.9,-1.0,1.2
1406,David Festa,701581,SL,236,87.6,0.1,0.2
1407,David Morgan,688158,CU,310,82.9,0.8,-0.9
1408,David Morgan,688158,FF,445,97.8,-0.6,1.3
1409,David Morgan,688158,SI,323,96.9,-1.4,0.5
1410,David Morgan,688158,SL,239,88.0,0.3,0.0
1411,David Peterson,656849,CH,728,85.1,1.2,0.3
1412,David Peterson,656849,CU,620,79.4,-0.5,-0.7
1413,David Peterson,656849,FF,1198,92.4,0.3,1.1
1414,David Peterson,656849,SI,1499,91.7,1.2,0.7
1415,David Peterson,656849,SL,1039,85.5,-0.2,0.1
1416,David Robertson,502085,CH,3,86.8,-1.2,0.8
1417,David Robertson,502085,CU,102,84.5,0.6,-1.0
1418,David Robertson,502085,FC,154,91.7,0.3,1.2
1419,David Robertson,502085,SI,13,91.0,-1.0,1.2
1420,David Robertson,502085,SL,32,83.7,1.0,0.5
1421,David Sandlin,689818,CH,36,91.0,-0.8,0.6
1422,David Sandlin,689818,CU,127,83.2,0.4,-0.7
1423,David Sandlin,689818,FC,106,91.1,0.3,0.6
1424,David Sandlin,689818,FF,176,96.5,-0.5,1.3
1425,David Sandlin,689818,SI,51,95.0,-1.2,1.0
1426,David Sandlin,689818,ST,57,86.0,0.7,-0.0
1427,Davis Daniel,669721,FF,93,89.8,-0.5,1.4
1428,Davis Daniel,669721,FS,41,84.5,-0.6,0.1
1429,Davis Daniel,669721,SL,30,80.0,0.4,0.0
1430,Davis Daniel,669721,ST,19,81.0,1.1,0.5
1431,Davis Martin,663436,CH,892,90.1,-1.2,0.1
1432,Davis Martin,663436,CU,441,81.0,1.2,-0.7
1433,Davis Martin,663436,FC,828,88.7,0.1,0.5
1434,Davis Martin,663436,FF,1365,93.9,-0.5,1.2
1435,Davis Martin,663436,SI,680,92.8,-1.2,0.7
1436,Davis Martin,663436,SL,395,86.1,0.5,0.1
1437,Davis Martin,663436,UN,1,39.3,0.6,2.3
1438,Dax Fulton,690978,CH,29,88.6,1.2,0.3
1439,Dax Fulton,690978,CU,61,83.9,-1.1,-0.1
1440,Dax Fulton,690978,FF,131,95.3,-0.1,0.9
1441,Dax Fulton,690978,SI,49,94.7,0.8,0.6
1442,Dax Fulton,690978,SL,87,89.2,-0.4,0.2
1443,Dax Fulton,690978,ST,80,84.1,-1.2,0.1
1444,Daysbel Hernandez,678226,FF,314,97.7,-0.7,1.3
1445,Daysbel Hernandez,678226,SI,1,95.7,-1.2,1.2
1446,Daysbel Hernandez,678226,SL,402,88.3,0.2,0.1
1447,Dean Kremer,665152,CU,518,77.8,0.6,-1.0
1448,Dean Kremer,665152,FC,804,87.0,0.4,0.5
1449,Dean Kremer,665152,FF,1119,93.1,-0.6,1.5
1450,Dean Kremer,665152,FS,926,82.1,-0.9,0.8
1451,Dean Kremer,665152,PO,1,91.1,-0.6,1.6
1452,Dean Kremer,665152,SI,697,92.6,-1.2,1.0
1453,Dean Kremer,665152,SL,20,83.5,0.4,-0.0
1454,Dedniel Nunez,673380,CH,6,91.6,-1.3,0.5
1455,Dedniel Nunez,673380,FF,204,96.4,-0.5,1.3
1456,Dedniel Nunez,673380,SI,1,98.3,-1.0,1.5
1457,Dedniel Nunez,673380,SL,173,88.6,0.1,0.1
1458,Dennis Santana,642701,CH,190,88.2,-1.4,0.5
1459,Dennis Santana,642701,FC,189,90.4,0.0,0.9
1460,Dennis Santana,642701,FF,531,94.4,-0.9,1.2
1461,Dennis Santana,642701,SI,185,94.2,-1.4,0.7
1462,Dennis Santana,642701,SL,778,86.4,0.2,0.2
1463,Derek Law,571882,CH,13,84.4,-1.3,0.6
1464,Derek Law,571882,CU,1,76.9,0.3,-0.9
1465,Derek Law,571882,FC,58,89.9,0.2,0.7
1466,Derek Law,571882,FF,26,93.2,-0.3,1.4
1467,Derek Law,571882,SI,8,94.0,-1.0,1.2
1468,Derek Law,571882,SL,49,86.0,0.3,0.1
1469,Devin Williams,642207,CH,921,83.8,-1.6,-0.3
1470,Devin Williams,642207,FC,8,89.1,0.1,1.0
1471,Devin Williams,642207,FF,910,94.0,-1.1,1.3
1472,Devin Williams,642207,SL,3,88.9,0.1,0.8
1473,Didier Fuentes,800311,CU,40,79.6,1.2,-0.7
1474,Didier Fuentes,800311,FF,999,97.0,-0.8,1.2
1475,Didier Fuentes,800311,FS,90,88.9,-1.4,0.4
1476,Didier Fuentes,800311,SL,287,85.4,0.5,0.1
1477,Didier Fuentes,800311,ST,82,83.4,0.7,-0.1
1478,Dietrich Enns,608650,CH,278,84.5,1.0,0.4
1479,Dietrich Enns,608650,CU,52,77.4,-0.1,-0.9
1480,Dietrich Enns,608650,FC,152,85.4,-0.2,0.1
1481,Dietrich Enns,608650,FF,492,93.9,0.5,1.5
1482,Dietrich Enns,608650,SI,31,93.5,0.9,1.3
1483,Dietrich Enns,608650,ST,27,80.4,-0.8,-0.4
1484,Dillon Tate,622253,CH,29,82.7,-0.9,-0.3
1485,Dillon Tate,622253,FF,3,90.9,-0.9,1.1
1486,Dillon Tate,622253,SI,47,92.1,-1.4,0.2
1487,Dillon Tate,622253,ST,60,79.3,0.8,0.4
1488,Dom Hamel,687589,CH,1,82.6,-1.2,0.6
1489,Dom Hamel,687589,FC,1,87.8,-0.4,1.2
1490,Dom Hamel,687589,FF,2,92.0,-0.8,1.1
1491,Dom Hamel,687589,SI,1,91.3,-1.3,0.9
1492,Dom Hamel,687589,SL,4,83.6,0.0,0.4
1493,Dom Hamel,687589,ST,4,81.3,0.9,0.1
1494,Domingo Gonzalez,682445,CH,2,86.2,-1.4,0.6
1495,Domingo Gonzalez,682445,FF,50,92.9,-1.1,1.0
1496,Domingo Gonzalez,682445,SI,31,92.9,-1.5,0.5
1497,Domingo Gonzalez,682445,SL,46,86.2,0.2,0.1
1498,Doug Nikhazy,680951,CH,14,82.2,1.4,0.8
1499,Doug Nikhazy,680951,CU,13,78.8,-1.0,-1.0
1500,Doug Nikhazy,680951,FF,69,89.3,0.7,1.4
1501,Doug Nikhazy,680951,SI,6,86.4,1.3,1.0
1502,Doug Nikhazy,680951,SL,34,86.1,-0.6,0.4
1503,Doug Nikhazy,680951,ST,11,81.1,-1.4,0.2
1504,Drew Anderson,623454,CH,551,89.8,-1.0,-0.2
1505,Drew Anderson,623454,CU,389,80.1,0.9,-1.3
1506,Drew Anderson,623454,FF,726,95.3,-0.6,1.3
1507,Drew Anderson,623454,SI,19,94.4,-1.0,0.7
1508,Drew Anderson,623454,SL,85,88.1,0.3,0.2
1509,Drew Pomeranz,519141,CU,315,84.0,-0.3,-0.9
1510,Drew Pomeranz,519141,FF,963,92.5,0.2,1.5
1511,Drew Rasmussen,656876,CH,382,89.6,-1.0,0.2
1512,Drew Rasmussen,656876,CU,195,80.4,0.4,-1.0
1513,Drew Rasmussen,656876,FC,1498,90.1,0.4,0.3
1514,Drew Rasmussen,656876,FF,1565,95.8,-0.4,1.5
1515,Drew Rasmussen,656876,SI,1160,95.3,-1.3,1.1
1516,Drew Rasmussen,656876,ST,176,84.5,1.0,-0.1
1517,Drew Rom,680723,FF,173,91.7,0.4,1.4
1518,Drew Rom,680723,FS,17,87.9,0.7,0.4
1519,Drew Rom,680723,SI,41,92.3,1.1,1.0
1520,Drew Rom,680723,ST,31,81.6,-0.8,-0.8
1521,Drew Sommers,805427,CH,22,88.1,1.3,-0.0
1522,Drew Sommers,805427,FF,215,94.8,1.1,0.9
1523,Drew Sommers,805427,SI,309,94.8,1.4,0.3
1524,Drew Sommers,805427,SL,161,83.1,-0.9,-0.1
1525,Drey Jameson,686753,CH,77,89.7,-1.4,0.3
1526,Drey Jameson,686753,FF,75,96.9,-0.8,1.3
1527,Drey Jameson,686753,SI,67,95.9,-1.3,0.8
1528,Drey Jameson,686753,SL,114,87.2,0.2,0.3
1529,Drey Jameson,686753,ST,26,83.3,1.0,0.0
1530,Dugan Darnell,699911,FF,98,93.7,-0.6,1.2
1531,Dugan Darnell,699911,FS,50,84.5,-0.3,0.6
1532,Dugan Darnell,699911,SL,38,82.0,0.1,-0.2
1533,Duncan Davitt,701474,CH,11,87.8,-1.0,-0.2
1534,Duncan Davitt,701474,CU,8,82.4,1.0,-0.7
1535,Duncan Davitt,701474,FF,32,93.0,-0.5,1.2
1536,Duncan Davitt,701474,SI,6,92.5,-1.4,0.5
1537,Duncan Davitt,701474,SL,12,86.6,0.4,0.4
1538,Duncan Davitt,701474,ST,19,82.4,1.5,0.3
1539,Dustin May,669160,CH,155,90.1,-1.3,0.3
1540,Dustin May,669160,CU,173,83.5,0.8,-1.3
1541,Dustin May,669160,FC,775,92.7,0.1,0.7
1542,Dustin May,669160,FF,937,96.3,-0.9,1.2
1543,Dustin May,669160,PO,1,95.7,-1.0,1.0
1544,Dustin May,669160,SI,1196,95.3,-1.5,0.5
1545,Dustin May,669160,ST,1273,85.5,1.4,-0.2
1546,Dylan Cease,656302,CH,365,81.0,-0.7,1.3
1547,Dylan Cease,656302,CU,544,82.0,0.2,-1.2
1548,Dylan Cease,656302,FF,2323,97.0,-0.3,1.5
1549,Dylan Cease,656302,SI,381,95.9,-0.9,1.2
1550,Dylan Cease,656302,SL,2119,88.9,0.1,0.3
1551,Dylan Cease,656302,ST,207,83.9,1.0,-0.7
1552,Dylan Dodd,689266,CH,1,85.4,0.7,0.3
1553,Dylan Dodd,689266,FC,550,87.1,0.1,0.5
1554,Dylan Dodd,689266,FF,190,93.8,1.0,1.3
1555,Dylan Dodd,689266,SI,419,93.9,0.7,1.4
1556,Dylan Dodd,689266,SL,82,82.6,0.0,-0.1
1557,Dylan Lee,669276,CH,311,86.0,0.9,1.1
1558,Dylan Lee,669276,FF,671,93.7,0.7,1.6
1559,Dylan Lee,669276,SL,1151,84.6,-0.1,0.4
1560,Dylan Moore,664238,EP,15,38.5,-0.0,1.8
1561,Dylan Moore,664238,FF,2,72.8,-1.2,1.1
1562,Dylan Moore,664238,SL,3,65.6,-0.3,0.9
1563,Dylan Ross,697811,FF,3,99.0,-0.5,1.3
1564,Dylan Ross,697811,FS,7,88.2,-0.3,0.2
1565,Dylan Ross,697811,SL,1,89.7,0.3,0.3
1566,Dylan Smith,681916,CU,35,80.9,0.9,-1.0
1567,Dylan Smith,681916,FF,451,95.4,-0.3,1.5
1568,Dylan Smith,681916,FS,52,86.1,-0.6,0.4
1569,Dylan Smith,681916,SI,63,95.1,-1.0,1.2
1570,Dylan Smith,681916,ST,203,85.9,0.7,0.5
1571,Easton Lucas,687922,CH,92,87.4,1.1,0.6
1572,Easton Lucas,687922,FC,32,91.5,-0.1,0.8
1573,Easton Lucas,687922,FF,218,93.8,0.4,1.4
1574,Easton Lucas,687922,SL,53,86.4,-0.3,0.2
1575,Easton Lucas,687922,ST,43,81.1,-1.0,0.1
1576,Easton McGee,668834,CH,11,86.0,-1.3,0.4
1577,Easton McGee,668834,CU,107,80.1,0.8,-0.7
1578,Easton McGee,668834,FC,64,87.3,0.1,0.7
1579,Easton McGee,668834,FF,83,92.7,-0.6,1.3
1580,Easton McGee,668834,SI,105,93.4,-1.4,0.6
1581,Easton McGee,668834,ST,37,82.4,0.9,0.3
1582,Eddy Yean,678868,CH,50,89.4,-1.0,0.4
1583,Eddy Yean,678868,FF,4,96.8,-0.5,0.9
1584,Eddy Yean,678868,SI,97,96.8,-1.0,0.4
1585,Eddy Yean,678868,SL,17,88.7,-0.0,0.3
1586,Edgardo Henriquez,683618,CU,41,82.1,0.9,-1.1
1587,Edgardo Henriquez,683618,FC,207,94.9,0.2,0.7
1588,Edgardo Henriquez,683618,FF,411,100.7,-0.7,1.3
1589,Edgardo Henriquez,683618,SI,323,100.9,-1.3,1.0
1590,Edgardo Henriquez,683618,SL,265,87.2,0.6,-0.0
1591,Eduard Bazardo,660825,FC,3,88.2,0.4,0.7
1592,Eduard Bazardo,660825,FF,191,94.9,-0.7,1.3
1593,Eduard Bazardo,660825,FS,44,90.4,-1.2,0.7
1594,Eduard Bazardo,660825,SI,1179,95.6,-1.3,0.9
1595,Eduard Bazardo,660825,SL,524,82.5,1.3,-0.3
1596,Eduard Bazardo,660825,ST,378,83.6,1.2,-0.3
1597,Eduardo Rivera,700842,CH,31,86.9,0.7,0.5
1598,Eduardo Rivera,700842,FF,114,95.3,0.3,1.4
1599,Eduardo Rivera,700842,SL,65,87.8,-0.3,0.3
1600,Eduardo Rodriguez,593958,CH,1316,85.6,1.3,0.5
1601,Eduardo Rodriguez,593958,CU,454,79.4,-0.4,-0.5
1602,Eduardo Rodriguez,593958,FC,815,89.1,-0.1,0.8
1603,Eduardo Rodriguez,593958,FF,2383,92.0,0.5,1.3
1604,Eduardo Rodriguez,593958,PO,2,88.2,0.6,1.3
1605,Eduardo Rodriguez,593958,SI,465,91.5,1.0,1.1
1606,Eduardo Rodriguez,593958,SL,129,84.1,-0.3,0.2
1607,Eduardo Salazar,674285,CH,9,87.4,-1.0,0.6
1608,Eduardo Salazar,674285,FF,144,95.1,-0.9,1.1
1609,Eduardo Salazar,674285,SI,219,94.4,-1.4,0.4
1610,Eduardo Salazar,674285,SL,173,87.5,0.4,-0.0
1611,Eduarniel Nunez,674384,CU,6,86.6,0.5,-0.7
1612,Eduarniel Nunez,674384,FF,155,98.1,-0.5,1.2
1613,Eduarniel Nunez,674384,SL,88,88.2,0.6,-0.1
1614,Edward Cabrera,665795,CH,982,93.7,-1.4,0.3
1615,Edward Cabrera,665795,CU,798,84.3,0.8,-0.8
1616,Edward Cabrera,665795,FF,523,96.7,-0.9,1.2
1617,Edward Cabrera,665795,SI,757,96.8,-1.4,0.8
1618,Edward Cabrera,665795,SL,545,88.7,0.1,0.2
1619,Edwin Diaz,621242,CH,1,94.5,-0.8,0.6
1620,Edwin Diaz,621242,FF,775,97.0,-1.1,1.1
1621,Edwin Diaz,621242,SL,664,89.2,0.1,0.3
1622,Edwin Uceta,670955,CH,472,88.4,-1.3,-0.0
1623,Edwin Uceta,670955,FC,193,89.4,0.1,0.8
1624,Edwin Uceta,670955,FF,494,94.0,-1.0,1.1
1625,Edwin Uceta,670955,SI,19,94.0,-1.5,0.5
1626,Edwin Uceta,670955,ST,36,82.1,1.1,0.2
1627,Eiberson Castellano,682769,CH,2,88.9,-1.0,0.5
1628,Eiberson Castellano,682769,CU,13,83.4,0.4,-0.5
1629,Eiberson Castellano,682769,FF,11,95.5,-0.5,0.9
1630,Eiberson Castellano,682769,SI,9,95.8,-0.9,0.9
1631,Eli Morgan,669212,CH,167,77.8,-1.5,0.3
1632,Eli Morgan,669212,FF,165,91.3,-0.9,1.5
1633,Eli Morgan,669212,SL,139,85.7,0.2,0.2
1634,Elieser Hernandez,622694,CH,49,83.6,-1.4,0.8
1635,Elieser Hernandez,622694,CU,1,77.3,1.1,0.4
1636,Elieser Hernandez,622694,FC,20,82.2,0.4,1.1
1637,Elieser Hernandez,622694,FF,77,92.2,-0.6,1.4
1638,Elieser Hernandez,622694,SL,12,77.4,0.4,0.9
1639,Elieser Hernandez,622694,ST,44,79.9,0.8,0.8
1640,Elmer Rodriguez,695684,CH,39,88.1,-0.9,0.2
1641,Elmer Rodriguez,695684,CU,75,78.2,1.1,-0.9
1642,Elmer Rodriguez,695684,FC,5,91.0,-0.2,0.8
1643,Elmer Rodriguez,695684,FF,91,95.6,-0.8,1.0
1644,Elmer Rodriguez,695684,SI,227,95.8,-1.4,0.6
1645,Elmer Rodriguez,695684,SL,34,80.0,1.4,-0.3
1646,Elmer Rodriguez,695684,ST,26,81.2,1.4,-0.2
1647,Elvin Rodriguez,660730,CH,20,86.8,-1.3,1.1
1648,Elvin Rodriguez,660730,CU,70,78.7,0.7,-1.2
1649,Elvin Rodriguez,660730,FC,57,87.7,0.2,0.6
1650,Elvin Rodriguez,660730,FF,154,94.4,-0.5,1.6
1651,Elvin Rodriguez,660730,ST,34,82.2,1.0,0.2
1652,Elvis Alvarado,665660,CH,32,89.5,-1.3,0.4
1653,Elvis Alvarado,665660,FF,944,98.7,-1.1,1.2
1654,Elvis Alvarado,665660,FS,53,87.7,-0.6,0.2
1655,Elvis Alvarado,665660,SI,207,97.9,-1.4,0.7
1656,Elvis Alvarado,665660,SL,427,88.6,-0.1,0.3
1657,Elvis Peguero,665625,SI,94,95.2,-1.4,0.3
1658,Elvis Peguero,665625,SL,93,88.1,0.3,-0.2
1659,Emerson Hancock,676106,CH,399,86.6,-1.3,0.1
1660,Emerson Hancock,676106,CU,97,76.1,1.1,-0.6
1661,Emerson Hancock,676106,FC,252,85.8,0.3,0.3
1662,Emerson Hancock,676106,FF,1222,95.3,-1.0,0.8
1663,Emerson Hancock,676106,SI,1066,94.8,-1.5,0.2
1664,Emerson Hancock,676106,SL,164,81.8,0.5,-0.2
1665,Emerson Hancock,676106,ST,394,77.4,1.4,0.2
1666,Emiliano Teodo,693713,CH,3,92.9,-1.4,0.5
1667,Emiliano Teodo,693713,SI,25,99.4,-1.4,0.5
1668,Emiliano Teodo,693713,SL,15,91.9,-0.0,0.3
1669,Emilio Pagan,641941,FC,331,86.5,0.4,0.4
1670,Emilio Pagan,641941,FF,1070,95.4,-0.6,1.5
1671,Emilio Pagan,641941,FS,327,83.5,-0.7,0.2
1672,Emilio Pagan,641941,PO,1,95.8,-0.8,1.5
1673,Emmanuel Clase,661403,FC,515,98.9,0.3,1.0
1674,Emmanuel Clase,661403,SI,6,98.3,-0.5,1.1
1675,Emmanuel Clase,661403,SL,225,88.5,0.7,0.1
1676,Emmanuel Rivera,656896,CH,1,69.1,-0.8,1.4
1677,Emmanuel Rivera,656896,EP,37,52.9,-0.7,1.4
1678,Emmanuel Rivera,656896,FF,7,83.4,-0.8,1.3
1679,Emmet Sheehan,686218,CH,495,85.8,-1.1,-0.0
1680,Emmet Sheehan,686218,CU,312,77.8,0.9,-1.1
1681,Emmet Sheehan,686218,FF,1372,94.9,-0.8,1.5
1682,Emmet Sheehan,686218,SL,921,87.1,0.2,0.3
1683,Enmanuel De Jesus,646241,CH,147,87.6,1.4,0.6
1684,Enmanuel De Jesus,646241,FC,108,85.5,-0.2,0.1
1685,Enmanuel De Jesus,646241,FF,283,94.2,0.8,1.4
1686,Enmanuel De Jesus,646241,SI,89,94.2,1.3,1.1
1687,Enmanuel De Jesus,646241,SL,42,80.3,-0.4,-0.6
1688,Enrique Hernandez,571771,CS,51,51.5,1.4,1.4
1689,Enrique Hernandez,571771,EP,77,53.2,0.0,1.4
1690,Enrique Hernandez,571771,FF,5,84.2,-0.3,1.3
1691,Enyel De Los Santos,660853,CH,468,86.2,-1.4,0.7
1692,Enyel De Los Santos,660853,FF,1045,95.6,-0.9,1.1
1693,Enyel De Los Santos,660853,SL,745,87.5,0.1,0.5
1694,Erasmo Ramirez,541640,CH,18,83.6,-1.2,0.6
1695,Erasmo Ramirez,541640,CU,9,81.5,0.4,-0.0
1696,Erasmo Ramirez,541640,FC,72,88.8,0.0,1.0
1697,Erasmo Ramirez,541640,FF,9,90.4,-0.5,1.1
1698,Erasmo Ramirez,541640,SI,50,90.7,-1.2,0.5
1699,Eric Cerantola,672021,FC,28,90.3,0.0,0.9
1700,Eric Cerantola,672021,FF,45,94.5,-0.5,1.3
1701,Eric Cerantola,672021,SL,49,84.2,-0.0,-0.1
1702,Eric Lauer,641778,CH,405,84.7,0.9,0.5
1703,Eric Lauer,641778,CU,465,75.5,-0.7,-0.8
1704,Eric Lauer,641778,FC,760,87.1,-0.2,0.6
1705,Eric Lauer,641778,FF,1542,91.4,0.7,1.3
1706,Eric Lauer,641778,SI,1,91.9,1.3,1.2
1707,Eric Lauer,641778,SL,323,83.0,-0.4,0.2
1708,Eric Orze,679358,CU,63,82.0,1.3,-0.4
1709,Eric Orze,679358,FF,341,93.3,-0.8,1.5
1710,Eric Orze,679358,FS,670,83.8,-1.2,0.0
1711,Eric Orze,679358,SI,10,94.1,-1.1,1.3
1712,Eric Orze,679358,SL,274,88.4,0.3,0.5
1713,Erick Fedde,607200,CH,551,88.2,-0.9,0.2
1714,Erick Fedde,607200,FC,1098,90.7,0.1,0.7
1715,Erick Fedde,607200,FF,33,94.3,-0.4,0.9
1716,Erick Fedde,607200,SI,1526,93.6,-0.9,0.8
1717,Erick Fedde,607200,ST,1510,82.3,1.2,0.2
1718,Erik Miller,669062,CH,159,87.2,1.4,0.2
1719,Erik Miller,669062,FF,225,97.1,0.8,1.2
1720,Erik Miller,669062,SI,558,96.8,1.5,0.7
1721,Erik Miller,669062,SL,502,85.7,-0.4,-0.1
1722,Erik Sabrowski,681870,CU,222,81.3,-0.5,-1.0
1723,Erik Sabrowski,681870,FF,855,94.0,0.8,1.6
1724,Erik Sabrowski,681870,SL,214,86.8,-0.1,0.4
1725,Erik Swanson,657024,FF,59,92.9,-0.6,1.5
1726,Erik Swanson,657024,FS,56,83.3,-0.8,0.2
1727,Erik Swanson,657024,SL,13,86.4,0.5,0.1
1728,Erik Tolman,680899,CH,69,85.0,1.1,0.0
1729,Erik Tolman,680899,FF,130,97.1,0.8,1.3
1730,Erik Tolman,680899,SL,48,87.4,-0.2,0.2
1731,Ethan Pecko,814490,CH,24,87.1,-1.3,0.3
1732,Ethan Pecko,814490,CU,65,81.6,0.5,-1.0
1733,Ethan Pecko,814490,FC,95,90.2,0.2,0.7
1734,Ethan Pecko,814490,FF,107,93.5,-0.7,1.3
1735,Ethan Pecko,814490,SI,106,92.9,-1.2,0.7
1736,Ethan Pecko,814490,ST,90,82.7,0.9,0.3
1737,Ethan Roberts,681799,FC,250,92.6,-0.0,1.1
1738,Ethan Roberts,681799,SI,78,93.6,-1.0,0.7
1739,Ethan Roberts,681799,ST,252,83.1,1.7,-0.1
1740,Eury Perez,691587,CH,343,89.9,-1.2,0.8
1741,Eury Perez,691587,CU,317,80.3,0.8,-0.6
1742,Eury Perez,691587,FF,1829,98.0,-0.9,1.5
1743,Eury Perez,691587,SI,460,97.6,-1.3,1.1
1744,Eury Perez,691587,SL,830,87.3,0.1,0.4
1745,Eury Perez,691587,ST,462,83.3,0.7,0.9
1746,Evan Phillips,623465,FC,45,92.4,0.1,0.5
1747,Evan Phillips,623465,FF,203,96.6,-0.8,1.3
1748,Evan Phillips,623465,SI,35,96.4,-1.4,0.7
1749,Evan Phillips,623465,ST,192,85.9,1.3,-0.2
1750,Evan Sisk,681895,CH,68,83.5,1.4,0.3
1751,Evan Sisk,681895,CU,241,77.5,-1.0,-0.5
1752,Evan Sisk,681895,FC,34,87.1,-0.2,0.6
1753,Evan Sisk,681895,FF,203,91.2,0.6,1.1
1754,Evan Sisk,681895,SI,352,90.8,1.3,0.5
1755,Evan Sisk,681895,SL,40,79.4,-1.1,0.6
1756,Evan Sisk,681895,ST,182,80.2,-0.9,0.5
1757,Ezequiel Duran,677649,CS,2,41.2,1.5,1.5
1758,Ezequiel Duran,677649,CU,1,37.8,-0.0,1.6
1759,Ezequiel Duran,677649,EP,19,41.5,-0.1,1.5
1760,Ezequiel Duran,677649,FF,1,49.0,-0.3,1.6
1761,Ezequiel Duran,677649,SL,2,40.0,0.3,1.7
1762,Felix Bautista,642585,FC,2,92.6,0.2,1.2
1763,Felix Bautista,642585,FS,188,88.9,-0.7,0.9
1764,Felix Bautista,642585,PO,1,94.3,-0.5,1.6
1765,Felix Bautista,642585,SI,395,97.2,-0.4,1.7
1766,Felix Bautista,642585,SL,60,85.4,0.5,0.1
1767,Fernando Cruz,518585,FF,455,93.4,-0.5,1.4
1768,Fernando Cruz,518585,FS,963,80.3,-0.4,0.1
1769,Fernando Cruz,518585,SI,141,93.0,-1.2,1.1
1770,Fernando Cruz,518585,SL,171,82.2,1.0,0.3
1771,Fernando Cruz,518585,ST,6,81.3,1.0,0.2
1772,Forrest Whitley,666215,CH,3,87.8,-1.5,0.7
1773,Forrest Whitley,666215,CU,34,81.6,1.0,-1.3
1774,Forrest Whitley,666215,FC,68,89.4,0.5,0.4
1775,Forrest Whitley,666215,FF,80,96.2,-0.8,1.4
1776,Forrest Whitley,666215,SI,51,96.3,-1.3,1.1
1777,Forrest Whitley,666215,SV,20,84.0,1.3,-0.5
1778,Foster Griffin,656492,CH,320,82.5,1.2,0.6
1779,Foster Griffin,656492,CU,251,77.8,-0.7,-1.1
1780,Foster Griffin,656492,FC,896,88.5,-0.4,0.6
1781,Foster Griffin,656492,FF,444,91.5,0.4,1.3
1782,Foster Griffin,656492,FS,160,81.3,0.1,0.1
1783,Foster Griffin,656492,SI,283,91.4,1.2,0.9
1784,Foster Griffin,656492,ST,396,80.3,-1.4,-0.1
1785,Framber Valdez,664285,CH,1031,89.5,1.2,0.1
1786,Framber Valdez,664285,CU,1747,78.9,-1.1,-1.2
1787,Framber Valdez,664285,FC,2,93.3,0.8,0.8
1788,Framber Valdez,664285,FF,138,94.5,0.5,1.0
1789,Framber Valdez,664285,SI,2442,94.1,1.3,0.5
1790,Framber Valdez,664285,SL,211,85.1,-0.3,-0.1
1791,Franco Aleman,680916,CH,28,88.2,-1.3,0.5
1792,Franco Aleman,680916,FF,283,96.1,-1.2,1.0
1793,Franco Aleman,680916,SL,116,86.0,0.3,0.2
1794,Frankie Montas,593423,FC,72,91.4,0.1,0.7
1795,Frankie Montas,593423,FF,172,95.6,-0.4,1.3
1796,Frankie Montas,593423,FS,146,86.3,-1.0,0.3
1797,Frankie Montas,593423,SI,130,95.1,-1.2,0.9
1798,Frankie Montas,593423,SL,113,86.7,0.5,0.2
1799,Frankie Montas,593423,ST,75,84.7,0.9,0.7
1800,Fraser Ellard,686642,CH,21,89.5,1.0,0.2
1801,Fraser Ellard,686642,FC,2,89.8,-0.0,0.4
1802,Fraser Ellard,686642,FF,170,94.9,0.9,1.2
1803,Fraser Ellard,686642,SI,50,93.6,1.3,0.5
1804,Fraser Ellard,686642,SL,86,85.1,-0.6,-0.2
1805,Freddy Peralta,642547,CH,1325,88.1,-1.4,0.3
1806,Freddy Peralta,642547,CS,38,75.2,0.6,-0.7
1807,Freddy Peralta,642547,CU,848,79.1,0.4,-0.4
1808,Freddy Peralta,642547,FF,3171,94.5,-0.5,1.4
1809,Freddy Peralta,642547,SL,440,83.4,0.4,0.4
1810,Freddy Peralta,642547,ST,130,82.3,0.8,0.5
1811,Freddy Tarnok,676206,CH,32,83.7,-1.1,0.4
1812,Freddy Tarnok,676206,CU,23,79.8,0.8,-1.3
1813,Freddy Tarnok,676206,FF,44,95.4,-0.3,1.4
1814,Freddy Tarnok,676206,SI,9,93.7,-1.0,0.8
1815,Freddy Tarnok,676206,SL,22,86.6,0.3,0.2
1816,Gabe Speier,642100,CH,1,89.5,1.1,0.2
1817,Gabe Speier,642100,FF,678,95.2,0.8,1.2
1818,Gabe Speier,642100,SI,499,94.7,1.4,0.6
1819,Gabe Speier,642100,SL,413,83.6,-0.4,-0.2
1820,Gabe Speier,642100,ST,2,81.4,-1.2,0.0
1821,Gabriel Hughes,687312,CH,127,87.8,-0.9,0.3
1822,Gabriel Hughes,687312,CU,138,78.7,0.7,-1.0
1823,Gabriel Hughes,687312,FF,568,92.4,0.1,0.9
1824,Gabriel Hughes,687312,SI,119,92.9,-0.7,0.7
1825,Gabriel Hughes,687312,SL,102,86.5,0.5,0.3
1826,Gabriel Hughes,687312,ST,88,85.3,1.1,0.3
1827,Gage Jump,695611,CH,164,87.7,1.0,0.6
1828,Gage Jump,695611,CU,187,82.3,-0.6,-1.0
1829,Gage Jump,695611,FF,821,96.2,0.7,1.4
1830,Gage Jump,695611,SI,83,95.0,1.1,1.1
1831,Gage Jump,695611,SL,395,87.2,-0.4,0.2
1832,Gage Jump,695611,ST,106,83.9,-1.1,0.2
1833,Garrett Acton,670183,CH,4,86.4,-1.2,1.0
1834,Garrett Acton,670183,FF,133,94.5,-0.4,1.6
1835,Garrett Acton,670183,FS,4,87.3,-1.2,0.7
1836,Garrett Acton,670183,SL,83,86.1,0.2,0.3
1837,Garrett Cleavinger,664076,FC,15,90.7,-0.3,0.4
1838,Garrett Cleavinger,664076,FF,221,96.8,0.7,1.3
1839,Garrett Cleavinger,664076,SI,530,95.9,1.4,0.7
1840,Garrett Cleavinger,664076,SL,661,87.3,-0.5,0.1
1841,Garrett Cleavinger,664076,ST,181,80.8,-1.5,-0.1
1842,Garrett Crochet,676979,CH,157,87.8,1.0,0.5
1843,Garrett Crochet,676979,FC,1003,90.9,-0.3,0.5
1844,Garrett Crochet,676979,FF,1314,96.3,0.7,1.3
1845,Garrett Crochet,676979,FS,4,84.9,0.7,0.1
1846,Garrett Crochet,676979,SI,614,95.9,1.4,0.7
1847,Garrett Crochet,676979,ST,576,82.8,-1.1,-0.2
1848,Garrett Hampson,641658,CU,1,46.5,-0.2,1.1
1849,Garrett Hampson,641658,SL,2,47.6,-0.2,1.3
1850,Garrett McDaniels,680729,CU,8,80.0,-1.0,-0.9
1851,Garrett McDaniels,680729,SI,83,92.2,1.0,0.5
1852,Garrett McDaniels,680729,SL,100,85.0,-0.1,-0.2
1853,Garrett Stallings,668831,CH,79,81.1,-1.3,0.4
1854,Garrett Stallings,668831,CU,5,81.8,-0.0,-0.4
1855,Garrett Stallings,668831,FC,51,88.1,0.2,0.7
1856,Garrett Stallings,668831,FF,6,92.3,-0.3,1.3
1857,Garrett Stallings,668831,SI,49,91.6,-1.0,0.9
1858,Garrett Stallings,668831,ST,4,82.3,0.6,-0.0
1859,Garrett Stubbs,596117,CS,12,38.3,-0.0,1.6
1860,Garrett Stubbs,596117,EP,10,42.0,-0.4,1.4
1861,Garrett Stubbs,596117,FF,24,49.7,-0.4,1.3
1862,Garrett Whitlock,676477,CH,371,84.3,-1.4,0.0
1863,Garrett Whitlock,676477,SI,961,95.5,-1.0,1.3
1864,Garrett Whitlock,676477,SL,523,85.3,0.2,-0.4
1865,Garrett Whitlock,676477,ST,48,82.8,0.8,-0.5
1866,Gary Sanchez,596142,CH,3,82.7,-1.0,1.5
1867,Gary Sanchez,596142,CU,16,40.4,0.7,0.1
1868,Gary Sanchez,596142,EP,8,63.8,-0.0,0.9
1869,Gary Sanchez,596142,FF,12,83.0,-1.0,1.5
1870,Gary Sanchez,596142,SL,10,59.7,-0.4,1.6
1871,Gavin Collyer,686560,FC,152,90.6,0.1,0.3
1872,Gavin Collyer,686560,FF,114,97.3,-1.0,1.0
1873,Gavin Collyer,686560,SI,80,95.8,-1.4,0.2
1874,Gavin Collyer,686560,ST,100,85.7,1.0,0.4
1875,Gavin Hollowell,668970,CH,23,85.3,-1.2,-0.2
1876,Gavin Hollowell,668970,FF,170,94.4,-0.9,1.0
1877,Gavin Hollowell,668970,SI,91,95.2,-1.5,0.2
1878,Gavin Hollowell,668970,ST,141,84.7,1.1,0.3
1879,Gavin Williams,668909,CH,2,87.6,-0.4,0.4
1880,Gavin Williams,668909,CU,1310,82.3,0.9,-1.1
1881,Gavin Williams,668909,FC,582,91.9,-0.2,0.6
1882,Gavin Williams,668909,FF,1866,97.0,-0.9,1.2
1883,Gavin Williams,668909,SI,657,96.6,-1.3,0.8
1884,Gavin Williams,668909,ST,1394,87.2,0.9,-0.1
1885,Genesis Cabrera,650893,CU,138,80.1,-0.6,-0.7
1886,Genesis Cabrera,650893,FC,146,89.9,-0.0,0.6
1887,Genesis Cabrera,650893,FF,155,95.7,0.7,1.4
1888,Genesis Cabrera,650893,FS,94,85.0,0.6,0.7
1889,Genesis Cabrera,650893,SI,182,95.4,1.3,1.0
1890,Geoff Hartlieb,664129,FC,61,91.4,0.0,0.9
1891,Geoff Hartlieb,664129,FF,151,95.3,-0.6,1.3
1892,Geoff Hartlieb,664129,SI,72,93.9,-1.2,0.6
1893,Geoff Hartlieb,664129,SL,192,85.0,0.2,0.0
1894,George Kirby,669923,CH,214,88.4,-1.2,0.4
1895,George Kirby,669923,CU,528,84.2,0.8,-1.1
1896,George Kirby,669923,FC,118,92.9,-0.0,0.8
1897,George Kirby,669923,FF,1354,96.5,-0.8,1.1
1898,George Kirby,669923,FS,98,86.5,-0.9,0.1
1899,George Kirby,669923,SI,1114,96.5,-1.4,0.7
1900,George Kirby,669923,SL,571,87.2,0.9,-0.3
1901,George Kirby,669923,ST,751,87.5,0.9,-0.2
1902,George Klassen,691946,CH,84,87.0,-1.2,0.5
1903,George Klassen,691946,CU,21,85.2,0.5,-0.4
1904,George Klassen,691946,FF,204,96.4,-1.0,1.3
1905,George Klassen,691946,SI,28,96.7,-1.1,1.3
1906,George Klassen,691946,SL,154,90.7,-0.0,0.1
1907,George Soriano,666277,CH,565,89.4,-1.0,-0.1
1908,George Soriano,666277,FF,461,96.4,-0.7,1.1
1909,George Soriano,666277,PO,1,95.3,-0.9,1.1
1910,George Soriano,666277,SI,209,95.8,-1.3,0.5
1911,George Soriano,666277,SL,487,87.4,0.2,0.1
1912,George Soriano,666277,ST,102,85.9,0.6,-0.1
1913,Gerardo Carrillo,672629,CU,3,83.0,0.7,-0.4
1914,Gerardo Carrillo,672629,FC,92,92.9,0.0,0.6
1915,Gerardo Carrillo,672629,FF,34,96.9,-0.8,1.1
1916,Gerardo Carrillo,672629,FS,80,84.3,-0.6,0.4
1917,Gerardo Carrillo,672629,SI,68,96.9,-1.4,0.5
1918,Gerardo Carrillo,672629,ST,39,86.7,0.8,0.1
1919,German Marquez,608566,CH,88,88.2,-1.0,0.7
1920,German Marquez,608566,CU,947,85.4,0.1,-0.0
1921,German Marquez,608566,FF,1013,94.8,-0.9,1.2
1922,German Marquez,608566,SI,611,94.2,-1.2,0.9
1923,German Marquez,608566,SL,344,88.4,-0.1,0.5
1924,Gerrit Cole,543037,CH,243,86.0,-1.2,0.7
1925,Gerrit Cole,543037,CU,252,83.3,1.0,-1.2
1926,Gerrit Cole,543037,FC,1,92.3,0.2,0.8
1927,Gerrit Cole,543037,FF,896,96.8,-0.8,1.4
1928,Gerrit Cole,543037,SI,59,96.1,-1.3,0.9
1929,Gerrit Cole,543037,SL,367,89.5,0.4,0.2
1930,Gerson Garabito,642520,CH,19,86.8,-1.3,0.5
1931,Gerson Garabito,642520,CU,32,82.5,1.0,-0.2
1932,Gerson Garabito,642520,FF,25,93.2,-0.4,1.5
1933,Gerson Garabito,642520,SI,21,92.9,-1.2,0.6
1934,Gerson Garabito,642520,SL,24,89.0,0.3,0.5
1935,Gordon Graceffo,700669,CH,176,88.0,-1.1,0.4
1936,Gordon Graceffo,700669,CU,298,83.3,0.2,-1.3
1937,Gordon Graceffo,700669,FC,16,91.4,-0.1,0.7
1938,Gordon Graceffo,700669,FF,768,95.5,-0.5,1.3
1939,Gordon Graceffo,700669,SI,101,95.1,-1.1,1.0
1940,Gordon Graceffo,700669,SL,575,88.3,0.1,0.1
1941,Graham Ashcraft,668933,FC,873,97.3,0.2,0.9
1942,Graham Ashcraft,668933,SL,738,90.1,0.8,-0.1
1943,Grant Anderson,681982,CH,77,86.5,-1.2,-0.3
1944,Grant Anderson,681982,FF,711,93.5,-1.0,1.0
1945,Grant Anderson,681982,SI,506,93.1,-1.5,0.1
1946,Grant Anderson,681982,ST,779,80.7,1.1,0.2
1947,Grant Holman,680880,FF,193,94.6,-0.7,1.3
1948,Grant Holman,680880,FS,159,87.2,-0.9,0.1
1949,Grant Holman,680880,PO,1,94.3,-0.9,1.3
1950,Grant Holman,680880,SI,3,93.8,-1.3,0.8
1951,Grant Holman,680880,SL,54,86.5,-0.0,0.1
1952,Grant Holmes,656550,CH,190,89.4,-1.2,0.2
1953,Grant Holmes,656550,CU,473,83.2,0.3,-0.8
1954,Grant Holmes,656550,FC,485,92.1,-0.0,0.9
1955,Grant Holmes,656550,FF,1295,94.4,-0.5,1.3
1956,Grant Holmes,656550,SI,263,93.1,-1.2,0.7
1957,Grant Holmes,656550,SL,1531,85.4,0.2,-0.2
1958,Grant Taylor,691799,CU,489,84.2,0.2,-1.3
1959,Grant Taylor,691799,FC,106,95.2,0.3,0.5
1960,Grant Taylor,691799,FF,915,98.3,-0.1,1.4
1961,Grant Taylor,691799,SI,163,98.9,-1.0,1.1
1962,Grant Taylor,691799,SL,253,89.6,0.5,-0.0
1963,Grant Wolfram,664991,CU,224,85.0,-0.2,-0.5
1964,Grant Wolfram,664991,FF,299,95.4,0.4,1.2
1965,Grant Wolfram,664991,FS,1,86.3,0.9,-0.0
1966,Grant Wolfram,664991,SI,560,95.9,1.2,1.0
1967,Grant Wolfram,664991,SL,232,86.9,-0.2,0.2
1968,Grant Wolfram,664991,ST,94,85.8,-0.6,-0.2
1969,Grayson Rodriguez,680570,CH,432,83.2,-0.9,0.4
1970,Grayson Rodriguez,680570,CU,181,80.8,0.6,-0.7
1971,Grayson Rodriguez,680570,FF,860,96.1,-1.0,1.3
1972,Grayson Rodriguez,680570,SL,194,84.9,0.4,0.1
1973,Greg Weissert,669711,CH,232,85.6,-1.2,-0.3
1974,Greg Weissert,669711,CU,61,81.4,1.4,-0.5
1975,Greg Weissert,669711,FF,642,94.1,-0.8,1.0
1976,Greg Weissert,669711,SI,626,93.9,-1.4,0.2
1977,Greg Weissert,669711,SL,255,85.5,0.5,0.1
1978,Greg Weissert,669711,ST,222,81.7,1.6,0.5
1979,Gregory Santos,666619,CH,4,93.7,-1.0,0.5
1980,Gregory Santos,666619,FF,31,96.4,-0.4,0.9
1981,Gregory Santos,666619,SI,58,97.6,-0.9,0.6
1982,Gregory Santos,666619,SL,125,88.7,0.6,0.2
1983,Gregory Soto,642397,FF,256,97.1,0.9,1.1
1984,Gregory Soto,642397,FS,5,88.8,1.2,0.7
1985,Gregory Soto,642397,SI,981,96.7,1.4,0.7
1986,Gregory Soto,642397,SL,686,84.9,-0.3,0.3
1987,Gregory Soto,642397,ST,227,82.9,-1.0,0.1
1988,Griffin Canning,656288,CH,676,89.9,-1.3,0.1
1989,Griffin Canning,656288,CU,210,81.8,1.0,-0.4
1990,Griffin Canning,656288,FC,141,89.9,0.0,0.6
1991,Griffin Canning,656288,FF,827,94.3,-0.8,1.3
1992,Griffin Canning,656288,SI,153,93.8,-1.4,0.7
1993,Griffin Canning,656288,SL,770,87.8,0.1,-0.3
1994,Griffin Canning,656288,ST,46,85.9,0.8,-0.0
1995,Griffin Jax,643377,CH,623,91.4,-1.3,0.3
1996,Griffin Jax,643377,CU,151,84.9,0.4,-1.2
1997,Griffin Jax,643377,FC,94,93.1,0.1,0.7
1998,Griffin Jax,643377,FF,498,96.3,-0.6,1.4
1999,Griffin Jax,643377,SI,500,95.6,-1.3,0.9
2000,Griffin Jax,643377,ST,899,87.7,1.1,-0.2
2001,Guillo Zuniga,670871,CH,2,91.4,-1.4,0.3
2002,Guillo Zuniga,670871,FF,6,97.6,-0.5,1.2
2003,Guillo Zuniga,670871,SI,6,97.2,-1.2,0.8
2004,Guillo Zuniga,670871,ST,4,84.4,1.1,0.4
2005,Gunnar Hoglund,680684,CH,126,86.0,-1.3,0.3
2006,Gunnar Hoglund,680684,FF,196,93.6,-0.6,1.6
2007,Gunnar Hoglund,680684,SI,91,93.2,-1.2,1.1
2008,Gunnar Hoglund,680684,SL,39,90.7,0.1,1.2
2009,Gunnar Hoglund,680684,ST,95,81.2,0.9,0.3
2010,Gus Varland,681402,CH,13,91.4,-1.1,0.3
2011,Gus Varland,681402,FF,328,95.1,-0.8,1.5
2012,Gus Varland,681402,SL,224,87.6,0.1,0.1
2013,Hagen Smith,696146,CH,11,87.6,1.1,0.3
2014,Hagen Smith,696146,FC,79,88.4,-0.3,0.5
2015,Hagen Smith,696146,FF,201,93.8,0.7,1.2
2016,Hagen Smith,696146,SL,127,83.1,-0.4,-0.3
2017,Hancel Rincon,684516,CH,12,90.8,-0.9,0.1
2018,Hancel Rincon,684516,FF,16,95.8,-0.4,0.9
2019,Hancel Rincon,684516,SL,15,85.4,0.1,-0.2
2020,Hayden Birdsong,806185,CH,201,88.7,-1.0,-0.0
2021,Hayden Birdsong,806185,CU,154,80.3,0.3,-1.1
2022,Hayden Birdsong,806185,FF,527,95.5,-0.5,1.5
2023,Hayden Birdsong,806185,SL,291,88.9,0.2,0.6
2024,Hayden Birdsong,806185,SV,21,84.6,0.2,-0.3
2025,Hayden Harris,802686,FF,42,91.9,1.0,1.0
2026,Hayden Harris,802686,FS,2,87.5,1.3,0.5
2027,Hayden Harris,802686,ST,6,81.8,-0.8,0.6
2028,Hayden Juenger,696522,CH,62,88.5,-1.5,0.4
2029,Hayden Juenger,696522,FC,57,91.3,-0.0,0.9
2030,Hayden Juenger,696522,FF,102,94.6,-1.0,1.3
2031,Hayden Juenger,696522,SL,71,88.1,0.4,0.5
2032,Hayden Wesneski,669713,CH,138,86.3,-1.2,0.4
2033,Hayden Wesneski,669713,CU,49,76.9,0.9,-1.0
2034,Hayden Wesneski,669713,FC,191,89.1,0.3,0.5
2035,Hayden Wesneski,669713,FF,382,93.6,-0.5,1.2
2036,Hayden Wesneski,669713,SI,201,92.5,-1.2,0.7
2037,Hayden Wesneski,669713,ST,363,82.0,1.6,-0.2
2038,Hector Neris,593576,CH,28,88.9,-1.2,0.2
2039,Hector Neris,593576,FF,225,92.4,-0.7,1.5
2040,Hector Neris,593576,FS,239,83.1,-0.8,-0.1
2041,Hector Neris,593576,SI,40,92.6,-1.3,0.9
2042,Hector Neris,593576,SL,16,86.3,0.1,0.4
2043,Hoby Milner,571948,CH,311,80.9,1.3,-0.3
2044,Hoby Milner,571948,FF,262,87.6,1.2,0.5
2045,Hoby Milner,571948,SI,631,87.2,1.5,-0.0
2046,Hoby Milner,571948,ST,585,78.2,-1.2,-0.0
2047,Hogan Harris,663687,CH,200,82.5,1.4,1.1
2048,Hogan Harris,663687,CU,607,73.8,-0.7,-1.4
2049,Hogan Harris,663687,FC,63,88.4,-0.1,1.1
2050,Hogan Harris,663687,FF,1434,94.5,0.7,1.5
2051,Hogan Harris,663687,SI,3,92.2,1.3,1.2
2052,Hogan Harris,663687,SL,83,85.6,-0.3,1.0
2053,Hogan Harris,663687,ST,35,78.2,-1.0,-0.5
2054,Hogan Harris,663687,SV,2,80.6,-0.8,-0.3
2055,Huascar Brazoban,623211,CH,780,90.8,-1.4,0.2
2056,Huascar Brazoban,623211,FC,158,90.3,-0.2,0.7
2057,Huascar Brazoban,623211,FF,197,96.6,-0.9,1.2
2058,Huascar Brazoban,623211,SI,878,96.3,-1.5,0.7
2059,Huascar Brazoban,623211,SL,6,85.9,-0.4,0.4
2060,Hunter Barco,682995,CH,30,85.8,1.4,0.5
2061,Hunter Barco,682995,FF,130,94.1,1.2,1.0
2062,Hunter Barco,682995,FS,28,85.1,0.5,0.2
2063,Hunter Barco,682995,SI,92,93.6,1.3,0.7
2064,Hunter Barco,682995,SL,96,82.4,-0.2,-0.3
2065,Hunter Barco,682995,ST,21,82.7,-1.0,-0.2
2066,Hunter Bigge,685801,CU,20,81.2,0.6,-1.3
2067,Hunter Bigge,685801,FF,267,96.9,-0.3,1.5
2068,Hunter Bigge,685801,FS,18,87.7,-0.8,0.1
2069,Hunter Bigge,685801,SI,8,95.8,-1.0,1.3
2070,Hunter Bigge,685801,SL,233,88.9,0.4,0.3
2071,Hunter Brown,686613,CH,517,88.0,-1.2,0.6
2072,Hunter Brown,686613,CU,870,83.5,0.4,-1.3
2073,Hunter Brown,686613,FC,178,92.6,0.3,0.6
2074,Hunter Brown,686613,FF,1682,96.4,-0.6,1.4
2075,Hunter Brown,686613,SI,1190,95.8,-1.2,1.0
2076,Hunter Brown,686613,SL,302,90.8,0.3,0.4
2077,Hunter Brown,686613,SV,4,87.7,0.0,-0.6
2078,Hunter Dobbins,690928,CU,218,79.0,0.6,-0.9
2079,Hunter Dobbins,690928,FF,677,95.1,-0.1,1.2
2080,Hunter Dobbins,690928,FS,190,89.1,-1.1,0.4
2081,Hunter Dobbins,690928,SI,135,94.5,-1.0,0.8
2082,Hunter Dobbins,690928,SL,414,87.6,0.5,0.1
2083,Hunter Dobbins,690928,ST,229,81.7,1.3,0.0
2084,Hunter Gaddis,683769,CH,329,79.3,-1.5,0.7
2085,Hunter Gaddis,683769,FF,622,94.9,-0.6,1.4
2086,Hunter Gaddis,683769,FS,8,79.2,-0.7,0.5
2087,Hunter Gaddis,683769,SL,1038,89.1,0.5,0.4
2088,Hunter Greene,668881,CU,2,84.0,0.8,-0.0
2089,Hunter Greene,668881,FF,1184,99.2,-0.7,1.4
2090,Hunter Greene,668881,FS,234,88.1,-0.8,0.4
2091,Hunter Greene,668881,SI,28,98.3,-0.9,1.2
2092,Hunter Greene,668881,SL,756,89.5,0.5,0.3
2093,Hunter Harvey,640451,CU,19,81.5,0.6,-0.9
2094,Hunter Harvey,640451,FF,127,96.3,-0.5,1.5
2095,Hunter Harvey,640451,FS,57,88.4,-0.9,0.2
2096,Hunter Harvey,640451,SL,40,86.7,0.3,0.1
2097,Hunter Stratton,676702,FC,80,93.4,0.3,0.9
2098,Hunter Stratton,676702,FF,191,96.0,-0.3,1.2
2099,Hunter Stratton,676702,FS,4,91.2,-0.8,0.7
2100,Hunter Stratton,676702,SI,7,96.3,-0.9,1.1
2101,Hunter Stratton,676702,SL,117,84.9,0.8,0.0
2102,Hunter Strickland,519326,CH,28,87.8,-1.0,0.5
2103,Hunter Strickland,519326,FF,117,93.6,-0.6,1.2
2104,Hunter Strickland,519326,SI,35,92.9,-1.3,0.4
2105,Hunter Strickland,519326,SL,108,84.9,0.5,0.1
2106,Hunter Strickland,519326,ST,44,81.5,1.4,-0.0
2107,Hurston Waldrep,694462,CU,141,82.4,0.6,-1.0
2108,Hurston Waldrep,694462,FC,200,92.7,0.1,0.7
2109,Hurston Waldrep,694462,FF,38,94.9,-0.2,1.1
2110,Hurston Waldrep,694462,FS,318,86.4,-0.5,0.2
2111,Hurston Waldrep,694462,SI,243,95.3,-1.1,0.9
2112,Hurston Waldrep,694462,SL,127,86.8,0.2,-0.1
2113,Ian Anderson,666120,CH,70,88.2,-0.9,0.8
2114,Ian Anderson,666120,CU,28,80.9,0.2,-0.4
2115,Ian Anderson,666120,FF,105,93.7,-0.7,1.3
2116,Ian Gibaut,664139,CH,13,84.3,-1.3,0.6
2117,Ian Gibaut,664139,FC,54,90.6,0.4,0.8
2118,Ian Gibaut,664139,FF,199,94.0,-0.5,1.4
2119,Ian Gibaut,664139,PO,1,93.6,-0.5,1.6
2120,Ian Gibaut,664139,SL,56,87.4,0.5,0.1
2121,Ian Gibaut,664139,ST,65,83.5,1.3,-0.1
2122,Ian Hamilton,641656,FF,115,95.2,-0.9,1.2
2123,Ian Hamilton,641656,SI,317,94.7,-1.4,0.7
2124,Ian Hamilton,641656,SL,301,87.7,0.0,0.4
2125,Ian Seymour,693855,CH,913,83.5,1.3,0.7
2126,Ian Seymour,693855,CU,29,73.5,-0.7,-1.0
2127,Ian Seymour,693855,FC,235,88.2,-0.0,0.8
2128,Ian Seymour,693855,FF,886,91.5,0.6,1.4
2129,Ian Seymour,693855,SI,374,90.0,1.2,0.9
2130,Ian Seymour,693855,SL,133,83.2,-0.3,1.0
2131,Ian Seymour,693855,ST,488,81.6,-1.0,0.6
2132,Ildemaro Vargas,545121,CS,7,56.6,0.6,0.1
2133,Ildemaro Vargas,545121,EP,18,41.5,-0.1,1.5
2134,Ildemaro Vargas,545121,FF,23,67.2,-0.7,0.7
2135,Isaac Mattson,676755,CH,165,86.0,-0.9,0.6
2136,Isaac Mattson,676755,CU,11,80.4,0.5,-0.5
2137,Isaac Mattson,676755,FF,1123,94.0,-0.7,1.5
2138,Isaac Mattson,676755,SL,168,84.5,0.3,0.3
2139,Isaac Mattson,676755,ST,38,83.1,0.8,-0.1
2140,Isaiah Campbell,663462,CU,13,83.8,0.5,-1.1
2141,Isaiah Campbell,663462,FF,20,96.0,-0.3,1.3
2142,Isaiah Campbell,663462,SI,11,94.7,-1.2,0.8
2143,Isaiah Campbell,663462,SL,46,90.5,0.4,0.4
2144,Isaiah Campbell,663462,ST,19,84.9,1.2,-0.3
2145,Isiah Kiner-Falefa,643396,EP,1,62.9,0.2,1.8
2146,Isiah Kiner-Falefa,643396,FF,6,69.2,-0.2,1.6
2147,J.P. Feyereisen,656420,CH,36,87.0,-1.1,0.1
2148,J.P. Feyereisen,656420,FF,28,91.2,-0.2,1.5
2149,J.P. Feyereisen,656420,SL,16,83.3,0.5,-0.0
2150,J.P. Feyereisen,656420,ST,1,83.4,0.6,-0.4
2151,J.P. France,641585,CH,22,86.0,-1.2,0.7
2152,J.P. France,641585,CU,47,76.5,0.8,-1.5
2153,J.P. France,641585,FC,58,86.4,0.6,0.4
2154,J.P. France,641585,FF,51,92.4,-0.2,1.2
2155,J.P. France,641585,SI,7,91.5,-1.1,1.0
2156,J.P. France,641585,ST,8,80.0,1.2,0.4
2157,J.T. Ginn,669372,CH,596,88.0,-1.0,0.2
2158,J.T. Ginn,669372,FC,566,90.9,-0.0,0.6
2159,J.T. Ginn,669372,FF,253,93.5,-0.4,0.9
2160,J.T. Ginn,669372,SI,1595,93.4,-1.2,0.3
2161,J.T. Ginn,669372,SL,750,85.9,0.4,-0.2
2162,JP Sears,676664,CH,464,83.8,1.4,0.3
2163,JP Sears,676664,CU,87,79.5,-0.4,-0.1
2164,JP Sears,676664,FC,19,88.2,0.2,1.0
2165,JP Sears,676664,FF,1141,92.3,1.0,1.2
2166,JP Sears,676664,SI,229,90.9,1.3,0.7
2167,JP Sears,676664,SL,242,80.9,-0.3,0.5
2168,JP Sears,676664,ST,711,79.3,-1.0,0.5
2169,JR Ritchie,702275,CH,208,88.1,-1.1,-0.0
2170,JR Ritchie,702275,CU,325,83.0,1.1,-1.0
2171,JR Ritchie,702275,FC,101,89.2,0.1,0.6
2172,JR Ritchie,702275,FF,230,94.7,-0.8,1.2
2173,JR Ritchie,702275,SI,255,94.2,-1.3,0.5
2174,JR Ritchie,702275,SL,72,85.1,0.4,0.0
2175,JT Brubaker,664141,CH,209,88.4,-1.3,0.4
2176,JT Brubaker,664141,CU,135,81.8,0.9,-0.5
2177,JT Brubaker,664141,FF,80,92.9,-0.7,1.1
2178,JT Brubaker,664141,SI,667,93.6,-1.3,0.8
2179,JT Brubaker,664141,SL,378,86.9,0.0,0.2
2180,Jack Anderson,681252,CU,10,77.2,0.5,-0.6
2181,Jack Anderson,681252,FF,60,90.8,-0.3,1.5
2182,Jack Anderson,681252,FS,42,81.8,-0.2,0.4
2183,Jack Anderson,681252,SL,40,84.0,0.5,0.2
2184,Jack Anderson,681252,ST,28,80.0,1.0,0.1
2185,Jack Dreyer,676263,CU,261,80.1,-0.6,-1.4
2186,Jack Dreyer,676263,FF,986,93.3,0.5,1.6
2187,Jack Dreyer,676263,SI,1,91.8,1.0,1.4
2188,Jack Dreyer,676263,SL,892,88.3,-0.2,0.3
2189,Jack Flaherty,656427,CH,115,85.7,-1.2,0.6
2190,Jack Flaherty,656427,CU,1039,77.9,1.0,-0.7
2191,Jack Flaherty,656427,FF,2133,92.8,-0.5,1.3
2192,Jack Flaherty,656427,SI,117,90.8,-1.2,0.8
2193,Jack Flaherty,656427,SL,1066,85.0,0.5,0.3
2194,Jack Kochanowicz,686799,CH,521,89.9,-0.8,0.1
2195,Jack Kochanowicz,686799,FF,596,95.8,-0.6,1.2
2196,Jack Kochanowicz,686799,PO,1,92.5,-0.6,1.0
2197,Jack Kochanowicz,686799,SI,1293,95.6,-1.2,0.3
2198,Jack Kochanowicz,686799,SL,452,86.6,0.4,-0.2
2199,Jack Kochanowicz,686799,ST,102,82.4,1.1,-0.3
2200,Jack Leiter,683004,CH,668,90.4,-1.2,0.3
2201,Jack Leiter,683004,CU,365,81.9,0.5,-0.9
2202,Jack Leiter,683004,FC,138,93.0,0.1,0.9
2203,Jack Leiter,683004,FF,1522,97.0,-0.7,1.5
2204,Jack Leiter,683004,PO,1,94.7,-0.9,1.4
2205,Jack Leiter,683004,SI,429,96.3,-1.2,1.2
2206,Jack Leiter,683004,SL,858,87.3,0.3,0.1
2207,Jack Little,669193,FF,25,94.0,-0.8,1.3
2208,Jack Little,669193,FS,7,86.8,-0.9,0.1
2209,Jack Little,669193,SL,12,86.8,0.3,0.3
2210,Jack Perkins,678022,CH,440,89.5,-1.1,0.0
2211,Jack Perkins,678022,CU,5,84.2,0.6,-0.8
2212,Jack Perkins,678022,FC,384,92.8,-0.1,0.6
2213,Jack Perkins,678022,FF,855,95.8,-0.9,1.2
2214,Jack Perkins,678022,SI,103,94.8,-1.3,0.7
2215,Jack Perkins,678022,SL,63,86.1,0.4,-0.4
2216,Jack Perkins,678022,ST,759,86.2,1.0,0.2
2217,Jack Ralston,667652,FF,64,93.6,-0.5,1.6
2218,Jack Ralston,667652,FS,134,82.4,-0.8,0.1
2219,Jack Ralston,667652,SL,56,85.2,0.1,-0.0
2220,Jack Sinclair,695378,CH,3,87.7,-1.5,0.1
2221,Jack Sinclair,695378,FF,45,97.0,-1.3,0.8
2222,Jack Sinclair,695378,SI,16,96.0,-1.5,0.4
2223,Jack Sinclair,695378,SL,10,88.9,0.1,0.6
2224,Jack Sinclair,695378,ST,55,83.7,1.1,0.3
2225,Jack Weisenburger,674073,CH,13,85.8,-1.1,0.4
2226,Jack Weisenburger,674073,CU,3,82.7,0.4,-0.7
2227,Jack Weisenburger,674073,FC,34,89.6,0.3,0.8
2228,Jack Weisenburger,674073,FF,54,95.2,-0.6,1.3
2229,Jack Weisenburger,674073,SI,34,94.1,-1.3,0.8
2230,Jack Weisenburger,674073,ST,47,82.1,1.2,0.1
2231,Jackson Jobe,695549,CH,218,85.6,-1.3,0.6
2232,Jackson Jobe,695549,CU,158,83.3,0.7,-0.9
2233,Jackson Jobe,695549,FC,12,93.7,0.2,0.9
2234,Jackson Jobe,695549,FF,492,97.0,-0.6,1.4
2235,Jackson Jobe,695549,SI,241,95.6,-1.3,0.7
2236,Jackson Jobe,695549,SL,439,89.2,0.5,0.1
2237,Jackson Jobe,695549,ST,2,83.8,1.1,-0.4
2238,Jackson Kent,800600,CH,139,85.4,1.3,0.6
2239,Jackson Kent,800600,CU,96,79.1,-0.5,-1.3
2240,Jackson Kent,800600,FF,212,93.1,0.5,1.3
2241,Jackson Kent,800600,SI,87,92.9,1.1,1.0
2242,Jackson Kent,800600,SL,143,86.4,-0.2,0.2
2243,Jackson Kowar,663804,CH,15,87.0,-1.3,0.3
2244,Jackson Kowar,663804,FF,159,97.4,-0.9,1.3
2245,Jackson Kowar,663804,SI,7,96.4,-1.3,1.2
2246,Jackson Kowar,663804,SL,100,86.2,0.2,-0.2
2247,Jackson Rutledge,671131,FC,200,88.8,0.2,0.5
2248,Jackson Rutledge,671131,FF,264,95.6,-0.9,1.3
2249,Jackson Rutledge,671131,FS,138,85.3,-1.1,0.2
2250,Jackson Rutledge,671131,SI,435,95.2,-1.4,0.8
2251,Jackson Rutledge,671131,SL,346,85.2,0.1,0.0
2252,Jacob Amaya,676070,EP,6,48.1,-0.7,1.6
2253,Jacob Barnes,606930,FC,65,88.0,0.4,0.4
2254,Jacob Barnes,606930,FF,55,94.1,-0.2,1.4
2255,Jacob Barnes,606930,FS,8,87.0,-0.8,0.7
2256,Jacob Barnes,606930,SL,18,84.6,0.3,0.1
2257,Jacob Latz,656641,CH,539,85.2,1.2,0.9
2258,Jacob Latz,656641,CU,171,79.4,-0.5,-1.0
2259,Jacob Latz,656641,FF,1294,94.5,0.7,1.6
2260,Jacob Latz,656641,SL,475,84.9,-0.5,0.1
2261,Jacob Lopez,682052,CH,403,82.6,1.5,0.4
2262,Jacob Lopez,682052,FC,668,86.7,0.1,0.7
2263,Jacob Lopez,682052,FF,1358,90.5,1.1,1.0
2264,Jacob Lopez,682052,SI,135,90.0,1.5,0.5
2265,Jacob Lopez,682052,SL,1234,77.0,-0.8,0.2
2266,Jacob Misiorowski,694819,CH,97,92.3,-1.4,0.4
2267,Jacob Misiorowski,694819,CU,428,87.6,0.5,-0.7
2268,Jacob Misiorowski,694819,FC,341,95.9,0.1,0.6
2269,Jacob Misiorowski,694819,FF,2277,100.2,-0.9,1.3
2270,Jacob Misiorowski,694819,SL,600,93.1,0.2,0.3
2271,Jacob Stallings,607732,CH,3,55.5,-0.8,1.4
2272,Jacob Stallings,607732,CS,6,42.5,0.9,-0.0
2273,Jacob Stallings,607732,FF,17,70.7,-0.8,0.6
2274,Jacob Waguespack,621097,CH,122,84.5,-0.8,0.8
2275,Jacob Waguespack,621097,CU,35,76.5,0.3,-0.9
2276,Jacob Waguespack,621097,FC,195,86.9,0.4,0.4
2277,Jacob Waguespack,621097,FF,268,92.9,-0.2,1.5
2278,Jacob Webb,657097,CH,764,85.3,-1.5,0.8
2279,Jacob Webb,657097,CU,83,81.9,0.6,-0.9
2280,Jacob Webb,657097,FF,904,93.8,-0.7,1.4
2281,Jacob Webb,657097,SL,94,85.7,0.1,-0.2
2282,Jacob Webb,657097,ST,231,82.0,1.1,-0.4
2283,Jacob deGrom,594798,CH,655,89.8,-1.1,0.2
2284,Jacob deGrom,594798,CU,306,80.8,1.0,-0.4
2285,Jacob deGrom,594798,FF,2314,97.4,-0.7,1.4
2286,Jacob deGrom,594798,SI,82,96.5,-1.2,0.9
2287,Jacob deGrom,594798,SL,1903,90.8,0.4,0.2
2288,Jaden Hill,677955,CH,254,85.1,-1.1,0.1
2289,Jaden Hill,677955,FF,342,96.9,-0.8,1.1
2290,Jaden Hill,677955,PO,1,96.2,-1.0,1.2
2291,Jaden Hill,677955,SI,261,97.2,-1.3,0.6
2292,Jaden Hill,677955,SL,298,88.4,0.3,0.1
2293,Jake Bauers,641343,EP,13,57.2,-0.4,-0.4
2294,Jake Bauers,641343,FF,66,67.9,0.4,1.4
2295,Jake Bennett,687562,CH,410,83.6,1.1,0.4
2296,Jake Bennett,687562,CU,44,78.9,-0.3,-0.7
2297,Jake Bennett,687562,FC,60,85.0,0.0,0.3
2298,Jake Bennett,687562,FF,545,92.8,1.0,1.0
2299,Jake Bennett,687562,SI,380,92.3,1.4,0.4
2300,Jake Bennett,687562,ST,114,79.6,-1.0,-0.5
2301,Jake Bird,656234,CH,6,85.2,-1.0,-0.3
2302,Jake Bird,656234,CU,294,80.7,1.3,-0.7
2303,Jake Bird,656234,FC,24,92.5,-0.0,0.8
2304,Jake Bird,656234,FF,116,93.5,-0.3,1.0
2305,Jake Bird,656234,SI,547,94.5,-1.1,0.1
2306,Jake Bird,656234,ST,648,84.1,1.2,0.5
2307,Jake Eder,671109,CH,54,84.5,1.2,0.4
2308,Jake Eder,671109,CU,2,77.9,-0.7,-1.0
2309,Jake Eder,671109,FF,168,93.5,0.8,1.2
2310,Jake Eder,671109,SL,78,87.2,-0.3,0.4
2311,Jake Eder,671109,ST,56,82.9,-0.9,0.0
2312,Jake Irvin,663623,CH,372,85.7,-1.3,0.4
2313,Jake Irvin,663623,CU,1296,77.8,1.3,-0.3
2314,Jake Irvin,663623,FC,307,88.7,0.2,0.7
2315,Jake Irvin,663623,FF,1531,92.7,-0.8,1.2
2316,Jake Irvin,663623,PO,1,88.8,-0.3,0.9
2317,Jake Irvin,663623,SI,992,92.0,-1.4,0.6
2318,Jake Irvin,663623,SL,131,83.8,0.6,0.0
2319,Jake Irvin,663623,ST,153,81.9,0.9,0.4
2320,Jake Meyers,676694,SL,9,50.5,-0.3,0.8
2321,Jake Palisch,669449,CH,5,85.6,1.3,0.4
2322,Jake Palisch,669449,FC,4,85.8,-0.3,0.5
2323,Jake Palisch,669449,FF,8,92.0,0.6,1.0
2324,Jake Palisch,669449,SL,7,81.5,-0.9,-0.1
2325,Jake Rogers,668670,EP,48,52.4,0.1,1.5
2326,Jake Rogers,668670,FF,38,76.5,-0.6,1.2
2327,Jake Rogers,668670,KN,6,64.0,-0.2,0.2
2328,Jake Woodford,663765,CH,184,86.1,-0.7,-0.0
2329,Jake Woodford,663765,FC,227,89.9,0.1,0.6
2330,Jake Woodford,663765,FF,122,93.1,-0.5,1.1
2331,Jake Woodford,663765,SI,323,93.4,-1.3,0.5
2332,Jake Woodford,663765,SL,5,85.8,0.3,0.1
2333,Jake Woodford,663765,ST,221,81.2,1.2,-0.0
2334,Jakob Junis,596001,CH,364,86.5,-1.0,0.2
2335,Jakob Junis,596001,FF,245,91.9,-0.4,1.1
2336,Jakob Junis,596001,SI,420,91.4,-1.2,0.5
2337,Jakob Junis,596001,SL,626,82.7,1.1,0.1
2338,Jakob Junis,596001,ST,184,82.3,1.4,-0.0
2339,Jalen Beeks,656222,CH,507,88.5,1.3,0.8
2340,Jalen Beeks,656222,FC,128,83.4,-0.2,0.0
2341,Jalen Beeks,656222,FF,687,94.1,0.6,1.3
2342,Jalen Beeks,656222,SI,1,87.7,0.1,1.6
2343,James Karinchak,675916,CU,59,84.0,0.0,-0.5
2344,James Karinchak,675916,FF,90,95.0,-0.6,1.6
2345,James McCann,543510,CU,1,55.2,0.0,-0.2
2346,James McCann,543510,EP,55,38.0,-0.2,1.9
2347,James McCann,543510,FF,1,65.0,-0.8,1.5
2348,Jameson Taillon,592791,CH,448,84.3,-1.3,0.6
2349,Jameson Taillon,592791,CU,448,79.5,0.8,-0.8
2350,Jameson Taillon,592791,FC,559,86.0,0.5,0.7
2351,Jameson Taillon,592791,FF,1162,92.1,-0.6,1.5
2352,Jameson Taillon,592791,SI,269,92.1,-1.1,1.2
2353,Jameson Taillon,592791,ST,536,80.2,1.3,-0.1
2354,Janson Junk,676083,CH,475,87.6,-1.2,0.2
2355,Janson Junk,676083,CU,370,81.4,0.6,-1.1
2356,Janson Junk,676083,FF,1272,93.9,-0.4,1.5
2357,Janson Junk,676083,SI,71,93.6,-1.2,0.9
2358,Janson Junk,676083,SL,826,86.6,0.5,0.2
2359,Janson Junk,676083,ST,523,81.0,1.2,0.2
2360,Janson Junk,676083,SV,2,84.2,0.5,-0.7
2361,Jared Jones,683003,CH,173,92.8,-1.0,0.3
2362,Jared Jones,683003,CU,129,85.7,0.5,-0.8
2363,Jared Jones,683003,FF,739,98.2,-0.8,1.3
2364,Jared Jones,683003,SL,538,89.8,0.2,0.1
2365,Jared Koenig,657649,CH,126,85.8,1.3,0.4
2366,Jared Koenig,657649,CU,170,81.5,-1.1,-0.7
2367,Jared Koenig,657649,FC,228,90.8,0.0,0.8
2368,Jared Koenig,657649,FF,13,96.7,0.5,1.3
2369,Jared Koenig,657649,SI,667,95.6,1.2,0.9
2370,Jared Shuster,694363,CH,137,84.4,1.1,0.1
2371,Jared Shuster,694363,FC,28,88.6,0.0,0.8
2372,Jared Shuster,694363,FF,139,92.9,0.9,1.1
2373,Jared Shuster,694363,SI,33,91.9,1.2,0.8
2374,Jared Shuster,694363,SL,107,85.5,-0.1,0.3
2375,Jared Shuster,694363,ST,2,80.8,-0.9,-0.3
2376,Jared Simpson,688692,CH,6,84.5,0.9,0.4
2377,Jared Simpson,688692,FF,37,94.6,0.9,1.2
2378,Jared Simpson,688692,FS,8,85.4,1.0,0.0
2379,Jared Simpson,688692,SI,32,94.6,1.5,0.7
2380,Jared Simpson,688692,SL,10,84.2,-0.1,-0.1
2381,Jared Triolo,669707,CU,16,41.2,0.2,1.2
2382,Jared Triolo,669707,EP,1,44.9,-0.0,1.3
2383,Jared Triolo,669707,FF,6,81.4,-0.3,1.0
2384,Jared Young,676724,EP,5,54.0,-1.0,1.8
2385,Jared Young,676724,FF,6,70.7,-0.9,1.7
2386,Jason Adam,592094,CH,541,88.2,-1.3,0.3
2387,Jason Adam,592094,FC,3,85.9,0.1,0.4
2388,Jason Adam,592094,FF,373,94.2,-0.7,1.5
2389,Jason Adam,592094,SL,593,84.2,0.1,-0.1
2390,Jason Adam,592094,ST,128,77.6,1.3,-0.3
2391,Jason Alexander,669920,CH,515,80.3,-1.4,0.1
2392,Jason Alexander,669920,FC,35,86.1,0.1,0.5
2393,Jason Alexander,669920,FF,195,91.8,-1.2,1.0
2394,Jason Alexander,669920,SI,571,90.9,-1.4,0.1
2395,Jason Alexander,669920,SL,17,81.8,0.7,0.5
2396,Jason Alexander,669920,ST,218,78.5,1.4,-0.0
2397,Jason Foley,671345,FF,70,96.2,-0.9,1.1
2398,Jason Foley,671345,FS,60,89.1,-0.7,-0.0
2399,Jason Foley,671345,SI,173,95.6,-1.4,0.3
2400,Jason Foley,671345,SL,108,85.9,0.3,-0.1
2401,Javier Assad,665871,CH,139,85.9,-1.0,0.2
2402,Javier Assad,665871,CU,139,77.4,1.0,-0.7
2403,Javier Assad,665871,FC,313,88.9,0.3,0.6
2404,Javier Assad,665871,FF,355,93.2,-0.4,1.3
2405,Javier Assad,665871,SI,849,93.1,-1.2,0.9
2406,Javier Assad,665871,SL,63,84.7,0.5,0.0
2407,Javier Assad,665871,ST,178,81.3,1.2,0.1
2408,Javier Sanoja,691594,CS,1,56.7,0.8,0.1
2409,Javier Sanoja,691594,FF,242,61.8,-0.8,0.9
2410,Jayden Murray,681151,CH,21,89.5,-1.3,0.5
2411,Jayden Murray,681151,CU,5,81.3,1.2,-0.8
2412,Jayden Murray,681151,FC,25,91.8,-0.1,0.6
2413,Jayden Murray,681151,FF,237,95.6,-0.8,1.2
2414,Jayden Murray,681151,FS,3,88.7,-1.3,0.5
2415,Jayden Murray,681151,SI,81,95.0,-1.4,0.7
2416,Jayden Murray,681151,ST,108,81.4,1.4,-0.1
2417,Jayvien Sandridge,682144,FF,12,95.6,0.7,1.4
2418,Jayvien Sandridge,682144,FS,2,85.8,0.6,0.2
2419,Jayvien Sandridge,682144,SI,4,95.9,1.3,1.1
2420,Jayvien Sandridge,682144,SL,13,85.1,0.0,0.2
2421,Jedixson Paez,699151,CH,41,83.7,-1.0,0.2
2422,Jedixson Paez,699151,CU,25,79.0,1.2,-0.6
2423,Jedixson Paez,699151,FC,21,87.0,0.0,0.5
2424,Jedixson Paez,699151,FF,45,91.9,-0.7,1.4
2425,Jedixson Paez,699151,SI,20,91.4,-1.3,0.7
2426,Jeff Brigham,656257,FC,22,89.8,0.1,0.9
2427,Jeff Brigham,656257,FF,26,94.8,-0.8,1.4
2428,Jeff Brigham,656257,ST,15,82.4,1.2,0.0
2429,Jeff Criswell,676105,CH,9,87.1,-1.1,0.3
2430,Jeff Criswell,676105,FF,33,95.4,-0.7,0.9
2431,Jeff Criswell,676105,SL,37,87.8,0.2,0.2
2432,Jeff Hoffman,656546,FF,823,96.4,-1.1,1.4
2433,Jeff Hoffman,656546,FS,508,89.7,-1.3,0.3
2434,Jeff Hoffman,656546,PO,1,92.3,-1.2,1.5
2435,Jeff Hoffman,656546,SI,130,96.2,-1.3,1.2
2436,Jeff Hoffman,656546,SL,877,86.7,0.3,-0.1
2437,Jeffrey Springs,605488,CH,1316,79.3,1.1,0.6
2438,Jeffrey Springs,605488,FC,234,87.1,0.1,0.8
2439,Jeffrey Springs,605488,FF,2249,91.0,0.9,1.4
2440,Jeffrey Springs,605488,SL,1128,83.8,-0.3,0.2
2441,Jeffrey Springs,605488,ST,300,76.7,-1.2,-0.0
2442,Jefry Yan,642376,CH,27,89.2,1.1,0.6
2443,Jefry Yan,642376,FF,76,97.5,0.4,1.4
2444,Jefry Yan,642376,SI,143,97.7,1.2,1.0
2445,Jefry Yan,642376,SL,68,86.4,-0.4,-0.3
2446,Jeremiah Estrada,669093,FF,1001,97.3,-0.1,1.6
2447,Jeremiah Estrada,669093,FS,451,83.1,-1.0,0.8
2448,Jeremiah Estrada,669093,SL,296,88.1,0.4,0.2
2449,Jesse Chavez,445926,CH,29,83.9,-1.3,0.1
2450,Jesse Chavez,445926,CU,10,74.3,1.3,-0.7
2451,Jesse Chavez,445926,FC,66,87.9,-0.2,1.0
2452,Jesse Chavez,445926,SI,59,89.6,-1.3,0.6
2453,Jesse Chavez,445926,SL,7,80.7,0.5,-0.5
2454,Jesse Hahn,534910,CU,11,79.2,1.4,-1.1
2455,Jesse Hahn,534910,SI,51,95.0,-1.5,0.4
2456,Jesse Hahn,534910,ST,17,81.9,1.7,-0.4
2457,Jesse Scholtens,669947,CH,1,84.1,-0.6,0.2
2458,Jesse Scholtens,669947,FC,11,89.0,0.2,0.4
2459,Jesse Scholtens,669947,FF,215,93.7,-0.4,1.4
2460,Jesse Scholtens,669947,FS,107,84.2,-0.8,0.1
2461,Jesse Scholtens,669947,SI,169,92.1,-1.2,1.0
2462,Jesse Scholtens,669947,SL,261,88.2,0.4,0.6
2463,Jesse Scholtens,669947,ST,113,80.6,1.2,0.0
2464,Jesus Luzardo,666200,CH,1043,86.9,1.3,0.4
2465,Jesus Luzardo,666200,FF,1762,96.6,1.0,1.2
2466,Jesus Luzardo,666200,SI,811,95.8,1.5,0.6
2467,Jesus Luzardo,666200,SL,239,86.5,-0.0,0.0
2468,Jesus Luzardo,666200,ST,2018,86.1,-0.7,-0.0
2469,Jesus Tinoco,622786,CH,46,89.2,-1.4,0.1
2470,Jesus Tinoco,622786,FF,31,95.2,-1.2,1.0
2471,Jesus Tinoco,622786,SI,97,95.2,-1.6,0.4
2472,Jesus Tinoco,622786,SL,130,85.1,0.6,0.2
2473,Jhoan Duran,661395,CH,44,88.8,-0.7,0.1
2474,Jhoan Duran,661395,CU,293,87.9,0.4,-0.8
2475,Jhoan Duran,661395,FC,2,90.2,0.2,-0.5
2476,Jhoan Duran,661395,FF,633,100.5,-1.1,1.1
2477,Jhoan Duran,661395,FS,856,97.7,-1.2,0.2
2478,Jhoan Duran,661395,SI,7,99.0,-1.1,0.2
2479,Jhoan Duran,661395,ST,158,88.6,0.8,-0.1
2480,Jhonathan Diaz,646242,CH,7,81.5,0.9,0.5
2481,Jhonathan Diaz,646242,CU,4,72.2,-1.2,-1.2
2482,Jhonathan Diaz,646242,FF,3,89.6,0.8,1.2
2483,Jhonathan Diaz,646242,SI,18,88.6,1.3,0.3
2484,Jhonathan Diaz,646242,SL,12,78.5,-1.5,0.0
2485,Jhonathan Diaz,646242,ST,7,79.8,-1.0,0.4
2486,Jhonny Pereda,640902,EP,19,53.7,0.4,1.3
2487,Jhonny Pereda,640902,FF,67,71.2,-0.5,1.2
2488,Jhony Brito,666745,CH,39,88.0,-1.2,0.6
2489,Jhony Brito,666745,CU,2,82.8,0.4,-0.2
2490,Jhony Brito,666745,FF,10,94.6,-0.7,1.2
2491,Jhony Brito,666745,SI,34,94.6,-1.3,0.8
2492,Jhony Brito,666745,SL,19,88.5,0.1,0.5
2493,Jhony Brito,666745,ST,19,82.6,0.6,-0.1
2494,Jimmy Herget,623474,CH,149,85.9,-0.9,-0.1
2495,Jimmy Herget,623474,CU,398,77.8,1.3,0.2
2496,Jimmy Herget,623474,FF,171,92.6,-1.1,0.7
2497,Jimmy Herget,623474,PO,1,88.8,-1.4,1.0
2498,Jimmy Herget,623474,SI,555,91.5,-1.3,0.0
2499,Jimmy Herget,623474,SL,652,85.7,0.0,0.4
2500,Jimmy Herget,623474,ST,253,78.2,1.2,0.3
2501,JoJo Romero,668941,CH,369,87.3,1.1,-0.0
2502,JoJo Romero,668941,FC,1,90.0,-0.0,0.4
2503,JoJo Romero,668941,FF,74,94.3,0.9,1.1
2504,JoJo Romero,668941,SI,717,93.7,1.4,0.1
2505,JoJo Romero,668941,SL,376,83.0,-1.1,-0.1
2506,JoJo Romero,668941,ST,320,82.9,-1.4,-0.0
2507,JoJo Romero,668941,SV,12,82.5,-0.3,-0.5
2508,Joe Boyle,671212,FF,530,98.3,-0.7,1.2
2509,Joe Boyle,671212,FS,202,92.9,-1.4,0.2
2510,Joe Boyle,671212,SI,65,97.3,-1.3,0.6
2511,Joe Boyle,671212,SL,440,90.4,0.3,0.2
2512,Joe Boyle,671212,ST,44,84.8,1.4,0.1
2513,Joe La Sorsa,686747,CH,14,85.2,1.1,0.3
2514,Joe La Sorsa,686747,FF,27,92.6,1.2,1.0
2515,Joe La Sorsa,686747,SI,41,91.7,1.5,0.5
2516,Joe La Sorsa,686747,ST,26,78.4,-1.1,0.1
2517,Joe Mantiply,573009,CH,149,80.5,1.3,-0.2
2518,Joe Mantiply,573009,CU,175,79.6,-0.7,-0.3
2519,Joe Mantiply,573009,FF,4,88.2,1.1,0.8
2520,Joe Mantiply,573009,SI,263,88.3,1.6,0.2
2521,Joe Rock,697812,CH,17,87.7,1.4,0.1
2522,Joe Rock,697812,FF,133,93.6,1.1,1.1
2523,Joe Rock,697812,SI,89,93.6,1.5,0.5
2524,Joe Rock,697812,SL,117,85.3,-0.3,-0.2
2525,Joe Ross,605452,CH,72,90.2,-1.4,0.5
2526,Joe Ross,605452,CU,59,83.6,0.2,-0.4
2527,Joe Ross,605452,FF,367,94.3,-0.3,0.9
2528,Joe Ross,605452,FS,42,90.4,-1.1,0.5
2529,Joe Ross,605452,SI,275,94.9,-1.1,0.8
2530,Joe Ross,605452,SL,252,87.7,0.2,0.3
2531,Joe Ryan,657746,CU,365,79.1,1.1,-0.8
2532,Joe Ryan,657746,FF,2458,93.6,-1.1,1.1
2533,Joe Ryan,657746,FS,601,87.8,-1.3,0.2
2534,Joe Ryan,657746,SI,547,93.2,-1.4,0.7
2535,Joe Ryan,657746,SL,432,87.1,0.1,0.5
2536,Joe Ryan,657746,ST,729,80.5,1.3,0.0
2537,Joel Kuhnel,669270,CH,41,90.3,-1.0,0.4
2538,Joel Kuhnel,669270,CU,28,83.5,0.4,-0.2
2539,Joel Kuhnel,669270,FC,170,90.9,0.2,0.2
2540,Joel Kuhnel,669270,FF,46,95.3,-0.4,1.1
2541,Joel Kuhnel,669270,SI,375,95.2,-1.2,0.6
2542,Joel Kuhnel,669270,SL,46,87.9,0.3,0.0
2543,Joel Payamps,606303,CH,8,88.7,-1.4,0.3
2544,Joel Payamps,606303,FC,3,89.8,0.1,0.6
2545,Joel Payamps,606303,FF,227,94.5,-0.5,1.3
2546,Joel Payamps,606303,SI,82,94.5,-1.2,0.7
2547,Joel Payamps,606303,SL,211,83.6,1.2,-0.1
2548,Joel Payamps,606303,ST,69,84.1,1.0,0.2
2549,Joel Peguero,666711,FF,176,99.9,-0.6,1.1
2550,Joel Peguero,666711,SI,165,99.6,-1.2,0.7
2551,Joel Peguero,666711,SL,143,92.1,0.5,0.1
2552,Joey Cantillo,676282,CH,1147,79.8,0.8,1.0
2553,Joey Cantillo,676282,CU,1126,79.3,-0.8,-1.4
2554,Joey Cantillo,676282,FC,215,87.0,-0.2,0.6
2555,Joey Cantillo,676282,FF,1564,92.0,0.6,1.4
2556,Joey Cantillo,676282,SL,253,84.1,-0.4,0.0
2557,Joey Estes,683155,CH,25,84.1,-1.1,0.6
2558,Joey Estes,683155,FC,25,87.7,0.3,0.7
2559,Joey Estes,683155,FF,140,91.7,-0.6,1.3
2560,Joey Estes,683155,SI,25,90.1,-1.2,1.1
2561,Joey Estes,683155,SL,44,82.7,0.5,0.1
2562,Joey Estes,683155,ST,52,77.7,1.2,0.4
2563,Joey Gerber,680702,CH,3,87.9,-1.2,0.5
2564,Joey Gerber,680702,FC,54,88.7,0.3,0.8
2565,Joey Gerber,680702,FF,115,93.6,-0.6,1.4
2566,Joey Gerber,680702,SL,21,84.9,0.5,0.3
2567,Joey Lucchesi,664192,CU,198,77.7,-0.5,-0.4
2568,Joey Lucchesi,664192,FF,175,92.7,0.5,1.2
2569,Joey Lucchesi,664192,FS,10,81.6,0.4,0.1
2570,Joey Lucchesi,664192,SI,360,92.4,1.2,0.9
2571,Joey Wentz,666214,CH,63,86.0,1.1,0.8
2572,Joey Wentz,666214,CU,332,79.4,-0.5,-0.6
2573,Joey Wentz,666214,FC,492,85.8,-0.3,0.3
2574,Joey Wentz,666214,FF,800,93.4,0.4,1.5
2575,Joey Wentz,666214,SL,128,84.1,-0.4,0.1
2576,Joey Wiemer,686894,CH,1,68.2,-0.9,0.2
2577,Joey Wiemer,686894,CU,3,35.3,0.2,1.3
2578,Joey Wiemer,686894,EP,1,47.1,-0.5,1.3
2579,Joey Wiemer,686894,FF,22,78.2,-0.7,1.4
2580,Joey Wiemer,686894,SL,16,61.9,-0.3,1.0
2581,Johan Oviedo,670912,CH,38,88.5,-1.3,0.6
2582,Johan Oviedo,670912,CU,124,77.6,0.8,-0.2
2583,Johan Oviedo,670912,FC,1,89.5,-0.2,0.7
2584,Johan Oviedo,670912,FF,271,95.2,-0.5,1.3
2585,Johan Oviedo,670912,SI,76,94.6,-1.2,0.7
2586,Johan Oviedo,670912,SL,227,86.5,0.5,0.1
2587,John Brebbia,605154,CH,37,86.5,-1.3,0.7
2588,John Brebbia,605154,CU,4,73.9,0.7,-0.6
2589,John Brebbia,605154,FC,1,84.6,-0.6,0.9
2590,John Brebbia,605154,FF,262,92.5,-0.9,1.4
2591,John Brebbia,605154,SL,244,84.1,0.6,0.4
2592,John Brebbia,605154,ST,5,79.4,1.2,0.4
2593,John Curtiss,595928,CH,36,87.6,-0.9,0.5
2594,John Curtiss,595928,FC,166,90.5,0.2,0.7
2595,John Curtiss,595928,FF,294,94.3,-0.6,1.5
2596,John Curtiss,595928,SL,49,85.4,0.3,0.1
2597,John King,667463,CH,295,84.8,1.2,0.1
2598,John King,667463,CU,123,79.4,-0.9,-1.0
2599,John King,667463,FF,22,92.1,0.5,0.9
2600,John King,667463,SI,690,92.2,1.2,0.2
2601,John King,667463,SL,253,83.3,-0.5,-0.1
2602,John King,667463,ST,113,81.5,-1.3,-0.1
2603,John Klein,804619,CH,23,86.4,-1.1,0.2
2604,John Klein,804619,CU,6,79.6,1.1,-0.9
2605,John Klein,804619,FC,9,86.7,0.2,0.5
2606,John Klein,804619,FF,41,94.9,-1.0,1.3
2607,John Klein,804619,ST,3,82.7,0.5,0.4
2608,John Rooney,680701,FF,4,91.2,0.7,0.9
2609,John Rooney,680701,SI,5,90.8,1.5,0.1
2610,John Rooney,680701,ST,14,81.5,-1.1,0.4
2611,John Schreiber,670167,CH,86,86.5,-0.8,-0.4
2612,John Schreiber,670167,FC,320,89.5,0.0,0.5
2613,John Schreiber,670167,FF,609,93.8,-0.9,0.9
2614,John Schreiber,670167,SI,453,93.3,-1.4,-0.1
2615,John Schreiber,670167,ST,559,82.4,1.3,0.1
2616,Jon Berti,542932,EP,25,49.6,0.1,1.7
2617,Jon Berti,542932,FF,26,62.2,-0.3,1.6
2618,Jon Gray,592351,CH,16,88.3,-1.1,0.4
2619,Jon Gray,592351,CU,6,77.3,1.1,-0.7
2620,Jon Gray,592351,FF,99,94.8,-0.8,1.0
2621,Jon Gray,592351,SL,89,87.3,0.3,0.2
2622,Jonah Bride,681146,CS,12,68.5,0.4,0.4
2623,Jonah Bride,681146,FF,88,72.2,-1.2,1.1
2624,Jonah Bride,681146,KN,14,61.8,0.1,0.4
2625,Jonah Tong,804636,CH,215,86.5,-1.1,0.7
2626,Jonah Tong,804636,CU,84,78.3,0.5,-1.2
2627,Jonah Tong,804636,FC,100,90.8,0.2,1.1
2628,Jonah Tong,804636,FF,414,95.1,-0.4,1.6
2629,Jonah Tong,804636,SL,10,87.1,0.5,0.2
2630,Jonathan Bowlan,680742,CH,187,89.8,-1.0,0.4
2631,Jonathan Bowlan,680742,CU,77,81.1,1.0,-0.6
2632,Jonathan Bowlan,680742,FF,712,96.5,-0.7,1.5
2633,Jonathan Bowlan,680742,SI,233,96.6,-1.2,1.0
2634,Jonathan Bowlan,680742,SL,407,86.3,0.2,-0.1
2635,Jonathan Bowlan,680742,ST,77,84.7,1.3,-0.1
2636,Jonathan Cannon,686563,CH,390,85.6,-1.3,0.1
2637,Jonathan Cannon,686563,FC,425,89.3,0.0,0.8
2638,Jonathan Cannon,686563,FF,370,93.9,-0.7,1.2
2639,Jonathan Cannon,686563,SI,401,93.0,-1.3,0.4
2640,Jonathan Cannon,686563,SL,5,84.7,0.6,0.1
2641,Jonathan Cannon,686563,ST,282,81.7,1.2,0.2
2642,Jonathan Heasley,669169,CH,12,84.2,-1.0,-0.1
2643,Jonathan Heasley,669169,CU,6,79.9,0.2,-1.0
2644,Jonathan Heasley,669169,FF,25,91.4,-0.8,1.5
2645,Jonathan Heasley,669169,SL,21,83.2,0.3,-0.0
2646,Jonathan Hernandez,642546,CH,5,91.4,-0.8,0.1
2647,Jonathan Hernandez,642546,FF,71,97.3,-1.0,1.1
2648,Jonathan Hernandez,642546,FS,1,91.0,-0.4,-0.4
2649,Jonathan Hernandez,642546,SI,151,97.0,-1.5,0.5
2650,Jonathan Hernandez,642546,SL,185,89.0,0.3,0.1
2651,Jonathan Loaisiga,642528,CH,339,90.8,-1.4,0.5
2652,Jonathan Loaisiga,642528,CU,221,88.3,0.5,0.1
2653,Jonathan Loaisiga,642528,FC,67,95.1,-0.1,0.7
2654,Jonathan Loaisiga,642528,FF,176,97.5,-0.8,1.1
2655,Jonathan Loaisiga,642528,SI,586,97.4,-1.4,0.6
2656,Jonathan Pintaro,702752,CH,34,87.4,-1.1,-0.3
2657,Jonathan Pintaro,702752,CU,8,83.0,1.0,-0.5
2658,Jonathan Pintaro,702752,FC,289,91.2,0.3,0.6
2659,Jonathan Pintaro,702752,FF,85,95.8,-0.7,1.2
2660,Jonathan Pintaro,702752,SI,103,94.9,-1.3,0.1
2661,Jonathan Pintaro,702752,ST,16,82.0,1.0,-0.6
2662,Jorbit Vivas,678391,CU,22,45.1,0.2,1.1
2663,Jorbit Vivas,678391,EP,15,43.7,0.1,1.1
2664,Jorbit Vivas,678391,SL,16,48.0,0.2,1.4
2665,Jordan Hicks,663855,FF,281,98.6,-0.9,1.1
2666,Jordan Hicks,663855,FS,101,89.7,-0.8,0.2
2667,Jordan Hicks,663855,SI,1047,98.1,-1.4,0.7
2668,Jordan Hicks,663855,SL,97,84.3,0.3,-0.3
2669,Jordan Hicks,663855,ST,523,84.5,0.7,0.1
2670,Jordan Leasure,673929,FF,783,96.1,-0.3,1.6
2671,Jordan Leasure,673929,FS,39,87.1,-0.6,0.8
2672,Jordan Leasure,673929,SI,11,95.6,-0.8,1.5
2673,Jordan Leasure,673929,SL,610,87.3,0.5,0.3
2674,Jordan Montgomery,656756,CH,44,81.6,0.7,1.0
2675,Jordan Montgomery,656756,CU,78,78.3,-0.5,-0.6
2676,Jordan Montgomery,656756,FF,58,90.4,0.3,1.2
2677,Jordan Montgomery,656756,SI,138,90.5,1.2,0.8
2678,Jordan Montgomery,656756,SL,39,83.2,-0.4,0.1
2679,Jordan Romano,605447,FF,509,94.7,-0.4,1.5
2680,Jordan Romano,605447,FS,9,86.6,-1.0,1.1
2681,Jordan Romano,605447,SL,784,85.0,0.2,-0.2
2682,Jordan Romano,605447,ST,1,83.5,1.1,0.0
2683,Jordan Weems,607179,CU,2,79.5,0.7,-0.8
2684,Jordan Weems,607179,FF,57,95.7,-0.6,1.3
2685,Jordan Weems,607179,FS,11,87.5,-1.0,0.7
2686,Jordan Weems,607179,SL,28,88.5,0.4,0.3
2687,Jordan Wicks,696136,CH,105,83.0,1.0,0.5
2688,Jordan Wicks,696136,CU,10,80.1,-0.4,-0.7
2689,Jordan Wicks,696136,FF,155,93.8,0.3,1.3
2690,Jordan Wicks,696136,SI,37,93.3,1.2,0.8
2691,Jordan Wicks,696136,SL,64,86.5,-0.3,0.1
2692,Jordan Wicks,696136,ST,26,82.5,-1.1,-0.2
2693,Jorge Alcala,660896,CH,20,90.5,-1.2,1.0
2694,Jorge Alcala,660896,CU,246,85.4,0.3,-0.4
2695,Jorge Alcala,660896,FF,488,97.4,-0.7,1.5
2696,Jorge Alcala,660896,SI,141,96.8,-1.3,1.0
2697,Jorge Alcala,660896,SL,163,89.9,0.3,0.4
2698,Jorge Lopez,605347,CH,37,87.0,-1.3,0.4
2699,Jorge Lopez,605347,CU,65,81.3,0.7,-1.1
2700,Jorge Lopez,605347,FF,99,94.7,-0.8,1.2
2701,Jorge Lopez,605347,PO,1,95.6,-0.5,1.1
2702,Jorge Lopez,605347,SI,105,94.7,-1.4,0.7
2703,Jorge Lopez,605347,SL,80,85.8,0.6,0.2
2704,Jorge Mateo,622761,EP,15,61.2,-0.6,0.6
2705,Jorge Mateo,622761,FF,61,66.7,-0.8,1.4
2706,Jose A. Ferrer,678606,CH,450,87.7,1.5,0.2
2707,Jose A. Ferrer,678606,FF,6,97.9,1.3,0.8
2708,Jose A. Ferrer,678606,SI,1583,97.6,1.5,0.5
2709,Jose A. Ferrer,678606,SL,222,88.9,-0.1,0.1
2710,Jose Alvarado,621237,CU,52,84.9,0.0,-0.5
2711,Jose Alvarado,621237,FC,491,92.0,-0.2,0.5
2712,Jose Alvarado,621237,FF,28,97.7,0.6,1.3
2713,Jose Alvarado,621237,SI,977,98.3,1.2,1.0
2714,Jose Berrios,621244,CH,434,85.2,-1.2,0.4
2715,Jose Berrios,621244,FC,154,89.6,-0.0,0.8
2716,Jose Berrios,621244,FF,478,93.0,-0.8,1.3
2717,Jose Berrios,621244,SI,847,92.2,-1.3,0.9
2718,Jose Berrios,621244,SV,671,82.5,1.2,-0.4
2719,Jose Butto,676130,CH,171,88.3,-0.8,0.3
2720,Jose Butto,676130,CU,1,80.4,0.2,-0.9
2721,Jose Butto,676130,FF,354,95.2,-0.3,1.3
2722,Jose Butto,676130,SI,214,94.4,-1.2,0.8
2723,Jose Butto,676130,SL,341,86.5,0.2,-0.0
2724,Jose Butto,676130,ST,77,83.6,1.0,-0.4
2725,Jose Caballero,676609,CH,1,64.9,-0.1,0.3
2726,Jose Caballero,676609,EP,9,58.7,-0.5,1.6
2727,Jose Caballero,676609,FF,18,80.4,-0.7,1.4
2728,Jose Cabrera,703615,CH,51,86.5,-1.3,0.3
2729,Jose Cabrera,703615,CU,41,86.0,0.0,-0.2
2730,Jose Cabrera,703615,FC,112,89.6,0.1,0.6
2731,Jose Cabrera,703615,FF,107,93.8,-0.9,1.2
2732,Jose Cabrera,703615,SI,46,93.1,-1.4,0.4
2733,Jose Cabrera,703615,ST,66,83.5,0.8,0.2
2734,Jose Castillo,620454,CH,14,87.0,0.9,0.5
2735,Jose Castillo,620454,FF,79,93.3,0.5,1.1
2736,Jose Castillo,620454,SI,213,93.0,1.3,0.5
2737,Jose Castillo,620454,SL,237,84.2,-0.4,-0.1
2738,Jose Corniell,692030,CH,35,86.2,-1.3,0.5
2739,Jose Corniell,692030,FC,30,91.0,-0.2,0.6
2740,Jose Corniell,692030,FF,46,95.2,-0.9,1.2
2741,Jose Corniell,692030,SI,9,93.6,-1.4,0.7
2742,Jose Corniell,692030,SL,1,82.7,0.4,0.7
2743,Jose Corniell,692030,ST,24,80.9,0.9,0.1
2744,Jose Cuas,621016,CH,2,87.7,-1.0,-0.1
2745,Jose Cuas,621016,FC,24,88.0,-0.3,0.7
2746,Jose Cuas,621016,FF,129,92.0,-0.9,0.7
2747,Jose Cuas,621016,SI,147,92.1,-1.4,0.0
2748,Jose Cuas,621016,ST,112,82.9,0.5,0.5
2749,Jose De Leon,592254,CH,13,83.5,-1.4,0.3
2750,Jose De Leon,592254,FC,16,82.4,0.5,0.2
2751,Jose De Leon,592254,FF,48,90.6,-0.6,1.2
2752,Jose De Leon,592254,SL,24,74.6,1.3,-0.4
2753,Jose Espada,664744,FF,20,94.0,-0.4,1.6
2754,Jose Espada,664744,FS,10,90.2,-1.1,0.7
2755,Jose Espada,664744,SL,14,83.2,-0.1,-0.3
2756,Jose Fermin,820862,CH,43,92.9,-1.2,0.9
2757,Jose Fermin,820862,FF,389,96.8,-0.7,1.4
2758,Jose Fermin,820862,FS,1,92.7,-1.4,0.7
2759,Jose Fermin,820862,SI,297,96.4,-1.3,1.0
2760,Jose Fermin,820862,SL,872,90.2,-0.1,0.2
2761,Jose Franco,683742,CH,47,88.3,-1.3,0.7
2762,Jose Franco,683742,FF,160,95.1,-0.8,1.4
2763,Jose Franco,683742,SL,141,85.1,0.3,0.1
2764,Jose Herrera,645444,EP,25,43.6,0.4,1.9
2765,Jose Herrera,645444,FF,2,44.7,0.8,2.3
2766,Jose Leclerc,600917,CH,43,86.5,-0.7,1.0
2767,Jose Leclerc,600917,CU,8,78.6,1.2,-0.4
2768,Jose Leclerc,600917,FC,33,88.8,0.4,0.5
2769,Jose Leclerc,600917,FF,78,94.2,-0.1,1.5
2770,Jose Leclerc,600917,SI,19,93.7,-1.0,0.8
2771,Jose Leclerc,600917,SL,48,80.7,0.9,0.2
2772,Jose Quijada,650671,CH,4,89.1,1.2,0.8
2773,Jose Quijada,650671,FF,37,95.4,0.5,1.4
2774,Jose Quintana,500779,CH,632,85.5,1.2,0.3
2775,Jose Quintana,500779,CU,437,78.4,-0.5,-0.5
2776,Jose Quintana,500779,FF,476,90.1,0.3,1.3
2777,Jose Quintana,500779,SI,1107,90.4,1.1,1.0
2778,Jose Quintana,500779,SV,279,79.1,-0.7,-0.0
2779,Jose Rodriguez,692064,CH,16,86.7,-1.3,-0.1
2780,Jose Rodriguez,692064,FF,10,97.3,-0.9,1.3
2781,Jose Rodriguez,692064,SI,17,96.7,-1.5,0.9
2782,Jose Rodriguez,692064,SL,7,86.5,0.1,0.2
2783,Jose Ruiz,614179,CH,46,89.0,-1.3,0.6
2784,Jose Ruiz,614179,CU,89,85.5,0.2,-0.3
2785,Jose Ruiz,614179,FF,115,95.7,-0.5,1.5
2786,Jose Ruiz,614179,SI,47,95.2,-1.2,1.1
2787,Jose Ruiz,614179,SL,2,90.3,0.3,0.6
2788,Jose Ruiz,614179,ST,3,85.1,1.0,0.1
2789,Jose Soriano,667755,CH,10,86.9,-0.5,-0.0
2790,Jose Soriano,667755,CU,1478,85.3,1.0,-0.7
2791,Jose Soriano,667755,FF,840,97.3,-0.8,1.1
2792,Jose Soriano,667755,FS,795,92.3,-1.1,0.0
2793,Jose Soriano,667755,SI,2219,96.8,-1.2,0.3
2794,Jose Soriano,667755,SL,310,89.6,0.1,0.1
2795,Jose Suarez,660761,CH,342,82.9,1.1,0.2
2796,Jose Suarez,660761,CU,16,78.4,-0.8,-0.3
2797,Jose Suarez,660761,FC,7,87.6,0.1,0.9
2798,Jose Suarez,660761,FF,505,92.9,0.7,1.4
2799,Jose Suarez,660761,SI,130,91.7,1.3,0.9
2800,Jose Suarez,660761,SL,343,81.8,-0.5,-0.1
2801,Jose Suarez,660761,ST,21,78.1,-1.0,0.2
2802,Jose Tena,677588,FF,11,38.9,0.0,1.6
2803,Jose Trevino,624431,EP,83,38.2,0.1,1.6
2804,Jose Trevino,624431,FF,29,55.7,0.3,1.0
2805,Jose Trevino,624431,KN,60,55.2,0.3,0.4
2806,Jose Urena,570632,CH,239,88.6,-1.3,0.7
2807,Jose Urena,570632,FF,212,96.1,-1.2,1.0
2808,Jose Urena,570632,FS,21,85.2,-0.9,0.9
2809,Jose Urena,570632,SI,221,96.2,-1.4,0.8
2810,Jose Urena,570632,SL,241,87.6,-0.1,0.7
2811,Jose Urquidy,664353,CH,172,83.4,-1.5,0.7
2812,Jose Urquidy,664353,CU,104,77.6,0.8,-1.0
2813,Jose Urquidy,664353,FC,7,88.0,0.0,0.5
2814,Jose Urquidy,664353,FF,133,92.4,-0.8,1.6
2815,Jose Urquidy,664353,FS,8,80.8,-0.4,0.2
2816,Jose Urquidy,664353,SI,116,93.0,-1.3,1.0
2817,Jose Urquidy,664353,ST,73,80.2,0.9,0.3
2818,Josh Ekness,694795,CU,46,85.9,0.7,-0.5
2819,Josh Ekness,694795,FF,279,97.9,-0.6,1.2
2820,Josh Ekness,694795,SI,59,98.4,-1.2,0.2
2821,Josh Ekness,694795,ST,126,85.3,1.3,0.4
2822,Josh Fleming,676596,CH,18,81.4,1.1,-0.2
2823,Josh Fleming,676596,CU,26,77.1,-1.1,0.0
2824,Josh Fleming,676596,FC,4,86.2,0.1,0.6
2825,Josh Fleming,676596,SI,29,89.5,1.4,0.2
2826,Josh Hader,623352,CH,37,88.7,1.1,0.5
2827,Josh Hader,623352,SI,863,95.3,0.8,1.5
2828,Josh Hader,623352,SL,579,83.8,-0.2,0.1
2829,Josh Rojas,668942,CS,6,60.7,0.4,-0.2
2830,Josh Rojas,668942,EP,3,58.3,0.0,1.6
2831,Josh Rojas,668942,FF,4,65.0,-0.6,0.6
2832,Josh Simpson,681006,CH,75,89.1,1.1,-0.1
2833,Josh Simpson,681006,CU,187,80.5,-0.9,-0.8
2834,Josh Simpson,681006,FF,78,94.2,0.7,1.1
2835,Josh Simpson,681006,SI,194,93.7,1.3,0.4
2836,Josh Simpson,681006,SL,37,87.9,-0.2,0.2
2837,Josh Simpson,681006,ST,195,82.0,-1.1,0.1
2838,Josh Walker,677020,CH,44,85.7,1.1,0.7
2839,Josh Walker,677020,CU,49,83.9,-0.5,0.3
2840,Josh Walker,677020,FF,155,93.0,0.3,1.3
2841,Josh Walker,677020,SI,131,92.5,1.1,0.8
2842,Josh Walker,677020,SL,177,83.1,-0.5,0.3
2843,Josh White,687985,CU,10,83.4,0.3,-0.5
2844,Josh White,687985,FF,22,94.4,-0.4,1.5
2845,Josh White,687985,FS,1,85.7,-0.3,0.6
2846,Josh White,687985,SL,10,87.5,0.2,0.4
2847,Josh Winckowski,670174,CH,33,91.8,-1.5,0.5
2848,Josh Winckowski,670174,FC,47,89.6,0.4,0.2
2849,Josh Winckowski,670174,FF,61,94.7,-0.4,1.3
2850,Josh Winckowski,670174,SI,39,94.7,-1.4,0.8
2851,Josh Winckowski,670174,SL,27,86.2,0.4,-0.1
2852,Josiah Gray,680686,CH,1,85.5,-1.1,0.8
2853,Josiah Gray,680686,CU,10,81.1,0.1,-0.5
2854,Josiah Gray,680686,FF,11,92.2,-0.8,1.4
2855,Josiah Gray,680686,SL,16,86.4,0.1,0.6
2856,Josiah Gray,680686,ST,2,81.6,0.6,-0.0
2857,Jovani Moran,663558,CH,399,83.2,1.2,0.6
2858,Jovani Moran,663558,CU,3,79.6,-0.2,-1.0
2859,Jovani Moran,663558,FC,138,85.2,-0.3,0.4
2860,Jovani Moran,663558,FF,435,92.8,0.3,1.4
2861,Jovani Moran,663558,SI,97,92.8,1.0,1.0
2862,Jovani Moran,663558,SL,5,80.4,-1.1,-0.0
2863,Jovani Moran,663558,ST,47,79.6,-1.2,-0.2
2864,Juan Burgos,686228,CH,6,93.4,-1.2,0.3
2865,Juan Burgos,686228,CU,13,84.6,1.3,-0.2
2866,Juan Burgos,686228,FC,92,91.8,0.0,0.4
2867,Juan Burgos,686228,FF,3,97.2,-0.6,0.9
2868,Juan Burgos,686228,SI,90,95.9,-1.2,0.3
2869,Juan Burgos,686228,ST,69,85.5,1.1,0.1
2870,Juan Mejia,675848,CH,26,93.2,-1.1,0.6
2871,Juan Mejia,675848,FF,1408,96.7,-0.2,1.0
2872,Juan Mejia,675848,SI,60,96.0,-0.9,0.6
2873,Juan Mejia,675848,SL,368,83.4,1.1,-0.1
2874,Juan Mejia,675848,ST,485,84.0,1.2,-0.1
2875,Juan Morillo,666661,CH,297,92.3,-1.3,0.7
2876,Juan Morillo,666661,FF,775,98.8,-0.4,1.4
2877,Juan Morillo,666661,SI,307,98.7,-1.1,1.1
2878,Juan Morillo,666661,SL,251,87.2,0.6,-0.3
2879,Julian Aguiar,687924,CH,13,82.8,-1.2,0.2
2880,Julian Aguiar,687924,CU,3,79.4,0.0,-0.5
2881,Julian Aguiar,687924,FF,5,93.4,-1.2,0.8
2882,Julian Aguiar,687924,SI,22,93.3,-1.5,0.7
2883,Julian Aguiar,687924,SL,11,81.1,0.2,0.2
2884,Julian Fernandez,642759,CH,53,86.7,-0.2,0.6
2885,Julian Fernandez,642759,FF,94,96.9,-0.3,1.3
2886,Julian Garcia,670062,FF,217,92.4,0.2,1.4
2887,Julian Garcia,670062,SL,127,85.6,0.4,0.1
2888,Julian Garcia,670062,ST,368,82.4,1.0,-0.2
2889,Julian Merryweather,657240,CH,4,80.0,-0.8,1.3
2890,Julian Merryweather,657240,FF,169,96.0,-0.4,1.4
2891,Julian Merryweather,657240,SL,176,84.7,0.0,-0.2
2892,Julian Merryweather,657240,ST,4,82.8,1.1,-0.5
2893,Justin Bruihl,677865,CH,112,80.3,0.9,-0.0
2894,Justin Bruihl,677865,FC,28,87.2,-0.1,0.5
2895,Justin Bruihl,677865,FF,79,91.7,0.5,1.0
2896,Justin Bruihl,677865,SI,676,90.2,1.4,0.2
2897,Justin Bruihl,677865,ST,619,78.0,-1.5,-0.1
2898,Justin Garza,621057,FC,43,89.6,0.3,0.4
2899,Justin Garza,621057,FF,32,96.1,-0.7,1.3
2900,Justin Garza,621057,FS,3,83.9,-0.5,-0.2
2901,Justin Garza,621057,SL,8,81.8,0.6,-0.9
2902,Justin Hagenman,663795,CH,99,86.6,-1.3,-0.0
2903,Justin Hagenman,663795,FC,143,86.4,0.0,0.8
2904,Justin Hagenman,663795,FF,28,90.8,-1.1,1.2
2905,Justin Hagenman,663795,SI,96,93.0,-1.0,1.2
2906,Justin Hagenman,663795,SL,79,84.2,0.4,0.2
2907,Justin Lawrence,664875,FF,124,95.5,-1.0,0.9
2908,Justin Lawrence,664875,SI,396,95.4,-1.4,0.1
2909,Justin Lawrence,664875,ST,434,82.4,1.4,0.2
2910,Justin Martinez,679885,FF,120,100.9,-0.9,1.2
2911,Justin Martinez,679885,FS,127,88.7,-0.8,0.1
2912,Justin Martinez,679885,SI,173,100.2,-1.3,0.7
2913,Justin Martinez,679885,SL,35,91.7,-0.0,0.6
2914,Justin Slaten,686580,CU,107,84.8,0.5,-1.3
2915,Justin Slaten,686580,FC,385,93.2,0.4,0.7
2916,Justin Slaten,686580,FF,309,96.7,-0.2,1.5
2917,Justin Slaten,686580,SI,63,97.3,-0.9,1.2
2918,Justin Slaten,686580,ST,143,85.7,1.2,0.1
2919,Justin Steele,657006,CH,8,84.9,1.2,0.8
2920,Justin Steele,657006,CU,12,79.4,-0.9,-0.6
2921,Justin Steele,657006,FF,176,90.8,0.1,1.2
2922,Justin Steele,657006,SI,20,90.4,1.1,0.8
2923,Justin Steele,657006,SL,97,81.5,-1.1,-0.0
2924,Justin Sterner,686993,FC,578,87.9,0.3,0.5
2925,Justin Sterner,686993,FF,857,93.5,-0.8,1.4
2926,Justin Sterner,686993,PO,1,91.4,-0.7,1.7
2927,Justin Sterner,686993,ST,383,81.4,1.3,0.3
2928,Justin Topa,623437,CH,199,86.9,-1.1,-0.4
2929,Justin Topa,623437,FC,305,91.3,-0.2,0.6
2930,Justin Topa,623437,PO,2,92.4,-1.4,0.5
2931,Justin Topa,623437,SI,519,93.9,-1.5,0.0
2932,Justin Topa,623437,ST,369,82.6,1.1,0.3
2933,Justin Verlander,434378,CH,230,84.6,-1.1,0.8
2934,Justin Verlander,434378,CU,402,78.5,0.6,-1.0
2935,Justin Verlander,434378,FF,1226,93.9,-0.7,1.5
2936,Justin Verlander,434378,SL,635,87.1,0.3,0.5
2937,Justin Verlander,434378,ST,195,80.6,1.0,-0.1
2938,Justin Wilson,458677,FC,120,91.4,-0.3,1.1
2939,Justin Wilson,458677,FF,383,94.5,0.4,1.6
2940,Justin Wilson,458677,FS,41,85.1,0.9,0.3
2941,Justin Wilson,458677,SL,272,88.0,-0.2,0.2
2942,Justin Wrobleski,680736,CH,142,86.2,1.1,0.4
2943,Justin Wrobleski,680736,CU,186,78.1,-0.6,-0.6
2944,Justin Wrobleski,680736,FC,190,91.9,-0.1,0.7
2945,Justin Wrobleski,680736,FF,1341,95.0,0.5,1.3
2946,Justin Wrobleski,680736,SI,397,94.5,1.2,0.9
2947,Justin Wrobleski,680736,SL,857,86.9,-0.3,0.0
2948,Justin Wrobleski,680736,ST,70,84.5,-1.2,-0.3
2949,Kade Anderson,807739,CH,87,84.5,1.0,0.7
2950,Kade Anderson,807739,CU,75,81.9,-0.6,-0.8
2951,Kade Anderson,807739,FF,195,93.4,0.6,1.3
2952,Kade Anderson,807739,SI,7,93.0,1.0,0.9
2953,Kade Anderson,807739,SL,118,87.8,-0.4,-0.1
2954,Kade Morris,695034,CH,42,88.3,-1.4,0.1
2955,Kade Morris,695034,CU,17,76.8,1.3,-1.0
2956,Kade Morris,695034,FF,60,94.5,-1.0,1.1
2957,Kade Morris,695034,SI,121,93.6,-1.4,0.3
2958,Kade Morris,695034,SL,52,88.2,0.1,0.5
2959,Kade Morris,695034,ST,30,81.5,1.1,0.3
2960,Kade Strowd,669704,CU,67,83.2,1.2,-1.0
2961,Kade Strowd,669704,FC,208,91.6,0.4,0.4
2962,Kade Strowd,669704,FF,78,95.8,-0.1,1.4
2963,Kade Strowd,669704,SI,67,96.1,-1.1,0.9
2964,Kade Strowd,669704,ST,45,84.8,1.4,-0.1
2965,Kai-Wei Teng,678906,CH,187,87.3,-1.3,0.3
2966,Kai-Wei Teng,678906,CU,197,82.6,1.3,-0.7
2967,Kai-Wei Teng,678906,FF,487,93.3,-0.8,1.1
2968,Kai-Wei Teng,678906,SI,280,93.1,-1.3,0.4
2969,Kai-Wei Teng,678906,SL,17,85.5,0.3,0.3
2970,Kai-Wei Teng,678906,ST,671,84.3,1.2,0.1
2971,Kaleb Ort,672391,CH,65,89.6,-1.3,0.6
2972,Kaleb Ort,672391,FC,113,90.5,0.2,0.9
2973,Kaleb Ort,672391,FF,428,96.4,-0.6,1.5
2974,Kaleb Ort,672391,ST,182,83.9,0.9,-0.2
2975,Keaton Winn,676775,FF,202,96.0,-0.8,1.2
2976,Keaton Winn,676775,FS,366,89.3,-1.1,0.1
2977,Keaton Winn,676775,SI,185,95.3,-1.1,0.6
2978,Keaton Winn,676775,SL,56,88.3,0.0,0.2
2979,Keegan Akin,669211,CH,325,86.6,1.4,0.7
2980,Keegan Akin,669211,FF,762,93.7,1.0,1.4
2981,Keegan Akin,669211,SL,414,85.9,-0.3,0.3
2982,Keegan Thompson,624522,CH,13,86.3,-0.8,0.1
2983,Keegan Thompson,624522,CU,16,80.4,0.7,-0.9
2984,Keegan Thompson,624522,FC,48,88.1,0.4,0.4
2985,Keegan Thompson,624522,FF,56,92.3,-0.4,1.2
2986,Keegan Thompson,624522,SI,45,92.1,-1.0,0.9
2987,Keegan Thompson,624522,ST,17,83.3,0.9,0.5
2988,Keider Montero,672456,CH,503,86.9,-1.3,0.7
2989,Keider Montero,672456,CU,533,79.8,1.0,-0.7
2990,Keider Montero,672456,FF,1145,94.1,-0.5,1.4
2991,Keider Montero,672456,SI,820,94.3,-1.3,0.9
2992,Keider Montero,672456,SL,775,85.2,0.7,0.2
2993,Keider Montero,672456,ST,1,83.7,2.4,-0.2
2994,Keider Montero,672456,UN,1,51.9,1.1,-0.5
2995,Ken Waldichuk,686610,CH,2,85.6,1.4,0.7
2996,Ken Waldichuk,686610,CU,61,81.5,-1.2,-0.3
2997,Ken Waldichuk,686610,FC,27,87.6,-0.2,0.6
2998,Ken Waldichuk,686610,FF,49,93.1,0.8,1.4
2999,Ken Waldichuk,686610,ST,10,84.9,-0.4,0.2
3000,Kendall Graveman,608665,CH,66,87.9,-1.1,0.3
3001,Kendall Graveman,608665,CU,13,82.2,0.6,-0.5
3002,Kendall Graveman,608665,FF,51,94.2,-0.6,1.3
3003,Kendall Graveman,608665,SI,129,94.6,-1.3,0.8
3004,Kendall Graveman,608665,SL,65,85.4,0.5,0.2
3005,Kendry Rojas,696070,CH,76,89.0,0.6,0.4
3006,Kendry Rojas,696070,FF,226,96.0,0.5,1.3
3007,Kendry Rojas,696070,SI,75,94.8,1.3,0.9
3008,Kendry Rojas,696070,SL,144,89.0,-0.3,0.5
3009,Kenley Jansen,445276,FC,1295,92.7,0.3,1.5
3010,Kenley Jansen,445276,SI,124,93.5,-0.6,1.6
3011,Kenley Jansen,445276,SL,132,84.2,0.5,-0.2
3012,Kenley Jansen,445276,ST,21,81.7,1.2,0.3
3013,Kent Emanuel,592288,CH,23,82.3,1.3,0.3
3014,Kent Emanuel,592288,SI,27,89.9,1.3,0.4
3015,Kent Emanuel,592288,SL,20,85.6,0.1,0.8
3016,Kent Emanuel,592288,ST,26,78.2,-1.4,-0.1
3017,Kenta Maeda,628317,CU,2,81.6,0.2,-0.7
3018,Kenta Maeda,628317,FC,1,86.3,-0.2,0.4
3019,Kenta Maeda,628317,FF,33,90.2,-0.5,1.2
3020,Kenta Maeda,628317,FS,62,84.5,-0.8,-0.1
3021,Kenta Maeda,628317,SI,12,90.0,-1.2,0.7
3022,Kenta Maeda,628317,SL,30,81.4,0.5,0.3
3023,Kenta Maeda,628317,ST,30,80.1,1.1,0.2
3024,Kervin Castro,665645,CU,11,79.5,0.5,-1.1
3025,Kervin Castro,665645,FC,18,92.5,0.4,0.8
3026,Kervin Castro,665645,FF,49,93.9,-0.1,1.4
3027,Kervin Castro,665645,SI,16,93.5,-0.9,1.1
3028,Kevin Gausman,592332,CH,7,83.4,-0.4,1.2
3029,Kevin Gausman,592332,FF,3106,94.2,-0.9,1.4
3030,Kevin Gausman,592332,FS,2287,84.5,-1.2,0.4
3031,Kevin Gausman,592332,SI,2,93.6,-1.5,1.5
3032,Kevin Gausman,592332,SL,518,83.6,0.1,0.2
3033,Kevin Gausman,592332,ST,12,79.9,1.0,0.1
3034,Kevin Ginkel,656464,FF,738,95.5,-0.7,1.3
3035,Kevin Ginkel,656464,SI,93,94.9,-1.3,1.0
3036,Kevin Ginkel,656464,SL,713,85.4,0.4,-0.2
3037,Kevin Herget,643361,CH,83,81.3,-1.3,0.9
3038,Kevin Herget,643361,CU,2,76.5,0.4,-1.4
3039,Kevin Herget,643361,FC,43,86.8,0.1,0.6
3040,Kevin Herget,643361,FF,99,92.0,-0.7,1.5
3041,Kevin Kelly,687330,CH,274,85.9,-1.0,-0.6
3042,Kevin Kelly,687330,FC,80,89.4,-0.2,0.7
3043,Kevin Kelly,687330,FF,120,92.8,-1.0,0.8
3044,Kevin Kelly,687330,SI,908,91.2,-1.4,-0.3
3045,Kevin Kelly,687330,ST,184,78.5,1.5,0.5
3046,Kevin Newman,621028,EP,27,54.2,-0.3,1.4
3047,Kevin Newman,621028,FF,2,74.1,-0.7,1.4
3048,Kevin Newman,621028,KN,5,56.1,-0.3,1.0
3049,Khristian Curtis,694753,CH,51,85.9,-1.4,0.8
3050,Khristian Curtis,694753,CU,13,77.2,0.7,-1.3
3051,Khristian Curtis,694753,FC,92,91.7,0.3,0.7
3052,Khristian Curtis,694753,FF,90,95.5,-0.6,1.5
3053,Khristian Curtis,694753,SL,32,86.0,0.4,-0.0
3054,Kirby Yates,489446,FF,890,91.8,-1.2,1.1
3055,Kirby Yates,489446,FS,545,85.3,-1.0,-0.0
3056,Kirby Yates,489446,ST,11,75.3,1.1,-0.1
3057,Kodai Senga,673540,CU,34,68.3,0.4,-1.0
3058,Kodai Senga,673540,EP,1,50.7,-0.4,1.0
3059,Kodai Senga,673540,FC,561,89.6,-0.1,0.7
3060,Kodai Senga,673540,FF,1080,95.4,-0.6,1.4
3061,Kodai Senga,673540,FS,843,82.8,-0.9,0.1
3062,Kodai Senga,673540,PO,1,79.3,-1.0,0.4
3063,Kodai Senga,673540,SI,150,89.0,-1.3,0.6
3064,Kodai Senga,673540,SL,160,84.1,0.1,0.1
3065,Kodai Senga,673540,ST,201,80.3,0.8,-0.3
3066,Kody Clemens,665019,EP,18,59.8,-0.2,1.6
3067,Kody Clemens,665019,FF,2,85.6,-0.4,1.7
3068,Kody Funderburk,681892,CH,138,89.0,1.4,0.0
3069,Kody Funderburk,681892,FC,484,92.3,0.1,1.0
3070,Kody Funderburk,681892,SI,532,93.1,1.3,0.6
3071,Kody Funderburk,681892,SL,118,86.6,-0.3,0.2
3072,Kody Funderburk,681892,ST,310,81.8,-1.2,-0.3
3073,Kohl Drake,684442,CH,73,81.6,1.3,0.7
3074,Kohl Drake,684442,CU,65,78.5,-0.4,-0.9
3075,Kohl Drake,684442,FC,44,86.2,-0.0,0.7
3076,Kohl Drake,684442,FF,165,91.6,1.0,1.4
3077,Kohl Drake,684442,SL,35,81.7,-0.2,0.1
3078,Kolby Allard,663465,CH,233,81.6,1.2,0.5
3079,Kolby Allard,663465,CU,156,72.0,-0.6,-1.1
3080,Kolby Allard,663465,FC,233,84.6,-0.4,0.5
3081,Kolby Allard,663465,FF,439,90.0,0.5,1.3
3082,Kolby Allard,663465,SI,116,90.4,1.1,1.1
3083,Konnor Pilkington,663455,CH,108,85.6,1.4,0.1
3084,Konnor Pilkington,663455,CU,4,83.2,-0.3,-0.2
3085,Konnor Pilkington,663455,FF,295,94.5,1.0,1.2
3086,Konnor Pilkington,663455,SL,93,85.4,-0.1,0.1
3087,Korey Lee,686676,CH,11,80.7,-0.8,1.2
3088,Korey Lee,686676,FF,2,90.4,-0.7,1.3
3089,Korey Lee,686676,SL,31,71.1,-0.6,1.5
3090,Kris Bubic,663460,CH,554,85.6,0.9,0.0
3091,Kris Bubic,663460,FF,1039,92.0,0.3,1.5
3092,Kris Bubic,663460,SI,223,91.5,1.1,0.7
3093,Kris Bubic,663460,SL,315,85.4,-0.1,-0.0
3094,Kris Bubic,663460,ST,522,82.8,-1.1,-0.4
3095,Kumar Rocker,677958,CH,163,89.0,-1.2,0.5
3096,Kumar Rocker,677958,CU,71,77.5,0.7,-1.0
3097,Kumar Rocker,677958,FC,631,90.1,0.1,0.5
3098,Kumar Rocker,677958,FF,557,95.0,-0.9,1.0
3099,Kumar Rocker,677958,FS,9,88.5,-1.1,0.4
3100,Kumar Rocker,677958,SI,1030,94.7,-1.4,0.6
3101,Kumar Rocker,677958,SL,1088,83.3,0.1,-0.3
3102,Kyle Backhus,679775,CH,76,79.4,1.1,0.4
3103,Kyle Backhus,679775,SI,469,90.9,1.5,0.1
3104,Kyle Backhus,679775,ST,239,78.3,-1.0,0.2
3105,Kyle Bradish,680694,CH,14,90.4,-1.3,0.7
3106,Kyle Bradish,680694,CU,637,84.8,0.5,-1.0
3107,Kyle Bradish,680694,FF,557,94.2,0.1,1.2
3108,Kyle Bradish,680694,SI,1123,94.8,-0.9,1.1
3109,Kyle Bradish,680694,SL,792,87.3,1.0,-0.0
3110,Kyle Farmer,571657,EP,7,42.5,0.1,1.8
3111,Kyle Finnegan,640448,FF,1041,96.2,-0.8,1.5
3112,Kyle Finnegan,640448,FS,650,87.3,-0.7,0.4
3113,Kyle Finnegan,640448,SL,217,85.3,0.2,0.0
3114,Kyle Freeland,607536,CH,436,86.3,1.0,0.5
3115,Kyle Freeland,607536,CU,1128,82.5,-0.1,-0.5
3116,Kyle Freeland,607536,FC,831,87.5,-0.0,0.6
3117,Kyle Freeland,607536,FF,1334,91.5,0.6,1.2
3118,Kyle Freeland,607536,SI,359,91.2,1.2,0.6
3119,Kyle Freeland,607536,ST,518,83.2,-0.8,-0.3
3120,Kyle Gibson,502043,CH,36,85.4,-1.1,0.4
3121,Kyle Gibson,502043,CU,31,78.8,0.7,-0.9
3122,Kyle Gibson,502043,FC,29,87.5,0.3,0.5
3123,Kyle Gibson,502043,FF,26,91.5,-0.5,1.4
3124,Kyle Gibson,502043,SI,100,90.9,-1.2,0.6
3125,Kyle Gibson,502043,SL,5,83.3,0.4,-0.3
3126,Kyle Gibson,502043,ST,53,81.2,1.1,0.1
3127,Kyle Harrison,690986,CH,235,85.9,0.9,-0.2
3128,Kyle Harrison,690986,FC,16,86.7,-0.0,0.5
3129,Kyle Harrison,690986,FF,1533,94.7,1.1,1.2
3130,Kyle Harrison,690986,SI,42,94.3,1.4,0.9
3131,Kyle Harrison,690986,SL,7,87.6,-0.1,0.3
3132,Kyle Harrison,690986,SV,831,82.0,-0.9,-0.3
3133,Kyle Hart,606996,CH,102,83.3,1.4,0.5
3134,Kyle Hart,606996,FF,203,92.8,0.7,1.2
3135,Kyle Hart,606996,FS,233,85.4,0.7,-0.2
3136,Kyle Hart,606996,SI,480,93.0,1.4,0.7
3137,Kyle Hart,606996,SL,227,88.4,-0.2,0.6
3138,Kyle Hart,606996,ST,489,82.3,-1.3,0.2
3139,Kyle Hendricks,543294,CH,987,79.5,-0.9,0.7
3140,Kyle Hendricks,543294,CU,212,72.2,1.3,-0.8
3141,Kyle Hendricks,543294,FF,390,86.5,-0.5,1.2
3142,Kyle Hendricks,543294,PO,2,84.6,-0.5,1.2
3143,Kyle Hendricks,543294,SI,982,86.2,-1.2,0.6
3144,Kyle Higashioka,543309,EP,33,40.9,0.0,1.6
3145,Kyle Higashioka,543309,FF,18,47.6,-0.2,1.9
3146,Kyle Hurt,669165,CH,263,88.7,-1.1,0.3
3147,Kyle Hurt,669165,FF,409,96.6,-0.7,1.4
3148,Kyle Hurt,669165,SL,70,88.0,0.1,0.1
3149,Kyle Leahy,681517,CH,462,89.1,-1.0,0.2
3150,Kyle Leahy,681517,CU,616,83.2,0.7,-1.0
3151,Kyle Leahy,681517,FF,1003,94.7,-0.3,1.3
3152,Kyle Leahy,681517,PO,1,92.3,-0.4,1.0
3153,Kyle Leahy,681517,SI,402,94.5,-1.1,0.9
3154,Kyle Leahy,681517,SL,658,90.1,0.4,0.4
3155,Kyle Leahy,681517,ST,499,85.5,1.3,0.2
3156,Kyle Nelson,669459,FC,3,88.8,0.5,1.3
3157,Kyle Nelson,669459,FF,17,90.0,0.6,1.4
3158,Kyle Nelson,669459,SL,24,84.2,-0.2,0.2
3159,Kyle Nicolas,693312,CH,1,92.6,-1.1,0.9
3160,Kyle Nicolas,693312,CU,176,83.8,0.7,-1.0
3161,Kyle Nicolas,693312,FF,427,97.4,-0.6,1.4
3162,Kyle Nicolas,693312,SI,5,95.7,-1.2,1.1
3163,Kyle Nicolas,693312,SL,241,90.3,0.4,0.1
3164,LaMonte Wade Jr.,664774,SL,11,40.9,-0.1,1.4
3165,Lake Bachar,669199,CU,268,86.4,0.2,-0.6
3166,Lake Bachar,669199,FF,849,94.6,-0.8,1.5
3167,Lake Bachar,669199,FS,242,84.1,-1.2,0.5
3168,Lake Bachar,669199,SI,61,93.1,-1.3,0.8
3169,Lake Bachar,669199,SL,586,89.5,0.1,0.2
3170,Lake Bachar,669199,ST,526,86.5,0.8,-0.0
3171,Lance McCullers Jr.,621121,CH,312,86.2,-1.4,-0.1
3172,Lance McCullers Jr.,621121,CU,303,82.1,1.2,-0.8
3173,Lance McCullers Jr.,621121,FC,268,89.0,0.2,0.7
3174,Lance McCullers Jr.,621121,FF,99,91.7,-0.6,1.0
3175,Lance McCullers Jr.,621121,SI,453,91.4,-1.1,0.4
3176,Lance McCullers Jr.,621121,SL,367,82.8,1.4,0.4
3177,Lance McCullers Jr.,621121,ST,138,82.3,1.4,0.5
3178,Landen Roupp,694738,CH,869,86.9,-1.3,-0.2
3179,Landen Roupp,694738,CU,1353,76.7,1.6,-0.6
3180,Landen Roupp,694738,FC,501,89.5,0.1,0.5
3181,Landen Roupp,694738,FF,172,92.9,-0.9,0.9
3182,Landen Roupp,694738,SI,1668,93.1,-1.5,0.2
3183,Landon Knack,689017,CH,247,84.7,-1.1,0.7
3184,Landon Knack,689017,CU,131,80.2,0.7,-1.3
3185,Landon Knack,689017,FF,459,93.2,-0.5,1.6
3186,Landon Knack,689017,SL,123,85.7,0.3,0.2
3187,Lazaro Estrada,681751,CU,50,76.0,0.8,-1.0
3188,Lazaro Estrada,681751,FC,4,85.3,0.2,0.4
3189,Lazaro Estrada,681751,FF,159,93.1,-0.6,1.6
3190,Lazaro Estrada,681751,FS,21,84.3,-0.5,0.7
3191,Lazaro Estrada,681751,SL,113,85.6,0.3,0.5
3192,Leo Rivas,660844,EP,49,40.2,0.2,1.7
3193,Liam Hendriks,521230,CU,27,82.2,0.4,-1.1
3194,Liam Hendriks,521230,FF,128,94.9,-0.6,1.5
3195,Liam Hendriks,521230,SL,77,86.2,0.2,0.3
3196,Logan Allen,671106,CH,542,82.4,0.8,0.5
3197,Logan Allen,671106,FC,391,85.5,-0.4,0.5
3198,Logan Allen,671106,FF,998,91.2,0.5,1.3
3199,Logan Allen,671106,SI,408,89.0,1.2,0.7
3200,Logan Allen,671106,ST,695,78.1,-1.2,0.1
3201,Logan Davidson,669722,EP,14,65.1,0.2,0.9
3202,Logan Evans,688138,CH,164,87.4,-1.5,0.2
3203,Logan Evans,688138,CU,131,81.6,1.0,-0.8
3204,Logan Evans,688138,FC,360,87.7,0.1,0.2
3205,Logan Evans,688138,FF,151,92.9,-1.1,0.9
3206,Logan Evans,688138,SI,226,92.8,-1.5,0.4
3207,Logan Evans,688138,ST,306,84.1,1.2,-0.0
3208,Logan Gilbert,669302,CH,212,85.8,-1.3,0.2
3209,Logan Gilbert,669302,CU,320,81.4,1.2,-0.3
3210,Logan Gilbert,669302,FC,150,91.2,0.3,0.9
3211,Logan Gilbert,669302,FF,1963,96.0,-0.6,1.4
3212,Logan Gilbert,669302,FS,856,81.8,-0.4,-0.1
3213,Logan Gilbert,669302,PO,1,93.3,-1.0,1.3
3214,Logan Gilbert,669302,SI,35,94.8,-1.2,1.0
3215,Logan Gilbert,669302,SL,1490,87.2,0.1,-0.0
3216,Logan Gilbert,669302,ST,51,82.0,1.1,-0.3
3217,Logan Gillaspie,670810,CH,16,87.9,-1.2,0.5
3218,Logan Gillaspie,670810,CU,12,82.7,0.3,-0.8
3219,Logan Gillaspie,670810,FC,12,91.5,0.0,0.9
3220,Logan Gillaspie,670810,FF,44,94.7,-0.4,1.3
3221,Logan Gillaspie,670810,SI,3,95.1,-1.0,0.9
3222,Logan Gillaspie,670810,SL,23,85.8,0.3,0.1
3223,Logan Gillaspie,670810,ST,2,82.8,1.2,-0.1
3224,Logan Henderson,701656,CH,666,82.6,-1.6,0.5
3225,Logan Henderson,701656,FC,255,87.8,0.0,1.0
3226,Logan Henderson,701656,FF,842,93.1,-0.9,1.4
3227,Logan Henderson,701656,SI,7,92.5,-1.1,1.2
3228,Logan Henderson,701656,SL,33,81.6,0.8,-0.3
3229,Logan Henderson,701656,ST,25,81.5,1.1,-0.3
3230,Logan Porter,682515,CU,1,37.2,-0.3,1.7
3231,Logan Porter,682515,SL,14,36.5,-0.3,1.9
3232,Logan VanWey,701121,CH,35,87.0,-1.3,-0.1
3233,Logan VanWey,701121,FC,12,84.9,0.3,0.3
3234,Logan VanWey,701121,FF,170,93.2,-0.8,1.1
3235,Logan VanWey,701121,SI,24,92.2,-1.2,0.5
3236,Logan VanWey,701121,ST,79,82.8,0.9,0.6
3237,Logan Webb,657277,CH,1387,86.2,-0.8,-0.5
3238,Logan Webb,657277,FC,583,90.3,-0.1,0.6
3239,Logan Webb,657277,FF,596,92.5,-0.7,0.9
3240,Logan Webb,657277,SI,1832,92.4,-1.3,0.0
3241,Logan Webb,657277,ST,1372,84.5,1.2,0.0
3242,Lou Trivino,642152,CH,162,87.2,-1.3,0.2
3243,Lou Trivino,642152,CU,10,78.7,1.1,-0.7
3244,Lou Trivino,642152,FC,240,91.8,0.1,0.8
3245,Lou Trivino,642152,FF,141,94.8,-0.7,1.2
3246,Lou Trivino,642152,SI,220,95.2,-1.3,0.8
3247,Lou Trivino,642152,ST,183,80.4,1.4,-0.1
3248,Lou Trivino III,642152,CH,3,85.8,-1.1,0.1
3249,Lou Trivino III,642152,FC,8,91.1,-0.1,0.5
3250,Lou Trivino III,642152,FF,1,94.0,-0.7,1.1
3251,Lou Trivino III,642152,SI,6,94.4,-1.1,0.7
3252,Lou Trivino III,642152,ST,11,79.3,1.3,-0.3
3253,Louis Varland,686973,CH,267,92.8,-1.0,0.2
3254,Louis Varland,686973,CU,771,87.8,0.4,-0.6
3255,Louis Varland,686973,FF,977,98.5,-0.6,1.3
3256,Louis Varland,686973,SI,101,97.0,-1.3,1.0
3257,Louis Varland,686973,SL,175,91.9,0.4,0.4
3258,Luarbert Arias,678215,FF,78,93.8,-0.9,1.4
3259,Luarbert Arias,678215,FS,32,83.1,-0.8,0.5
3260,Luarbert Arias,678215,SL,97,82.4,0.4,0.3
3261,Lucas Erceg,668674,CH,277,89.8,-1.4,0.5
3262,Lucas Erceg,668674,FC,8,94.4,0.0,0.7
3263,Lucas Erceg,668674,FF,566,97.4,-0.9,1.2
3264,Lucas Erceg,668674,SI,437,97.2,-1.2,0.8
3265,Lucas Erceg,668674,SL,525,84.8,0.1,-0.2
3266,Lucas Gilbreath,656458,FF,7,89.1,0.2,1.1
3267,Lucas Gilbreath,656458,FS,3,83.5,0.9,0.5
3268,Lucas Gilbreath,656458,SL,8,79.1,-0.0,-0.4
3269,Lucas Giolito,608337,CH,725,81.0,-1.1,1.1
3270,Lucas Giolito,608337,CU,118,78.1,0.4,-1.2
3271,Lucas Giolito,608337,FF,1374,92.8,-0.6,1.5
3272,Lucas Giolito,608337,PO,1,94.1,-0.7,1.7
3273,Lucas Giolito,608337,SL,701,85.6,0.2,0.4
3274,Lucas Sims,608371,CU,24,82.3,0.9,-0.6
3275,Lucas Sims,608371,FC,6,90.7,0.2,0.8
3276,Lucas Sims,608371,FF,201,94.6,-0.5,1.5
3277,Lucas Sims,608371,FS,5,88.0,-1.2,0.0
3278,Lucas Sims,608371,SI,10,95.1,-1.2,1.1
3279,Lucas Sims,608371,SL,47,85.7,0.7,0.6
3280,Lucas Sims,608371,ST,157,84.8,1.3,0.3
3281,Luinder Avila,679883,CH,138,89.3,-1.2,0.5
3282,Luinder Avila,679883,CU,278,83.1,0.7,-0.4
3283,Luinder Avila,679883,FF,406,96.1,-0.1,1.2
3284,Luinder Avila,679883,SI,400,96.3,-1.0,0.9
3285,Luinder Avila,679883,SL,288,88.0,0.5,-0.1
3286,Luis Castillo,622491,CH,686,87.3,-1.5,-0.0
3287,Luis Castillo,622491,FC,1,92.3,-0.6,0.9
3288,Luis Castillo,622491,FF,2386,95.1,-1.0,1.0
3289,Luis Castillo,622491,PO,1,89.4,-1.0,1.1
3290,Luis Castillo,622491,SI,1089,95.0,-1.5,0.3
3291,Luis Castillo,622491,SL,1192,85.0,0.1,0.0
3292,Luis Contreras,664351,CH,37,83.6,-1.0,0.7
3293,Luis Contreras,664351,FF,113,91.1,0.0,1.6
3294,Luis Contreras,664351,SI,3,90.6,-0.9,1.1
3295,Luis Contreras,664351,SL,44,85.5,0.5,0.6
3296,Luis Contreras,664351,ST,27,79.2,1.3,0.2
3297,Luis Curvelo,681168,CH,18,89.0,-1.2,0.9
3298,Luis Curvelo,681168,FF,115,96.1,-1.0,1.2
3299,Luis Curvelo,681168,FS,37,83.5,-0.8,0.4
3300,Luis Curvelo,681168,SI,155,95.4,-1.3,1.0
3301,Luis Curvelo,681168,SL,187,84.4,0.2,0.3
3302,Luis De Leon,801725,FS,23,84.0,0.6,-0.2
3303,Luis De Leon,801725,SI,76,96.0,1.5,0.6
3304,Luis De Leon,801725,SL,15,88.2,-0.1,0.1
3305,Luis F. Castillo,622379,CH,22,86.3,-1.4,-0.2
3306,Luis F. Castillo,622379,FF,70,92.3,-1.0,0.8
3307,Luis F. Castillo,622379,SI,34,91.2,-1.5,0.2
3308,Luis F. Castillo,622379,SL,42,80.7,1.1,0.1
3309,Luis Garcia,472610,FF,22,96.5,-0.6,1.3
3310,Luis Garcia,472610,FS,283,88.3,-0.8,0.4
3311,Luis Garcia,472610,SI,501,96.4,-1.2,0.9
3312,Luis Garcia,472610,SL,6,84.2,0.7,0.7
3313,Luis Garcia,472610,ST,349,82.7,1.0,0.3
3314,Luis Garcia,677651,CH,5,82.5,-1.3,0.8
3315,Luis Garcia,677651,CU,13,73.0,0.6,-1.0
3316,Luis Garcia,677651,FC,27,82.0,0.5,0.5
3317,Luis Garcia,677651,FF,52,91.0,-0.8,1.5
3318,Luis Garcia,677651,ST,9,75.5,1.4,-0.0
3319,Luis Gastelum,703725,CH,206,81.7,-1.0,-0.3
3320,Luis Gastelum,703725,FF,173,94.1,-0.9,1.2
3321,Luis Gastelum,703725,SI,48,93.3,-1.3,0.6
3322,Luis Gastelum,703725,ST,125,84.5,1.0,-0.0
3323,Luis Gil,661563,CH,313,90.5,-1.2,0.4
3324,Luis Gil,661563,FF,721,95.4,-0.2,1.4
3325,Luis Gil,661563,SI,45,94.5,-1.2,0.9
3326,Luis Gil,661563,SL,346,86.4,0.7,0.5
3327,Luis Guerrero,692285,CH,14,87.7,-1.4,0.3
3328,Luis Guerrero,692285,FF,107,96.5,-0.7,1.4
3329,Luis Guerrero,692285,PO,1,94.3,-0.8,1.6
3330,Luis Guerrero,692285,SL,126,84.6,0.3,-0.1
3331,Luis Guerrero,692285,ST,41,81.9,1.3,0.2
3332,Luis L. Ortiz,682847,CH,194,89.4,-1.2,0.2
3333,Luis L. Ortiz,682847,FC,184,91.1,0.0,0.8
3334,Luis L. Ortiz,682847,FF,441,96.4,-1.0,1.0
3335,Luis L. Ortiz,682847,SI,293,95.5,-1.4,0.3
3336,Luis L. Ortiz,682847,SL,389,85.5,0.5,0.1
3337,Luis Medina,665622,CH,183,90.3,-0.9,0.1
3338,Luis Medina,665622,CU,161,81.2,0.8,-1.0
3339,Luis Medina,665622,FF,357,97.7,-0.6,1.3
3340,Luis Medina,665622,SI,323,97.3,-1.3,0.9
3341,Luis Medina,665622,SL,210,86.5,0.8,0.1
3342,Luis Mey,682825,FF,35,97.7,-0.4,0.9
3343,Luis Mey,682825,SI,658,98.4,-1.2,0.5
3344,Luis Mey,682825,SL,336,85.6,0.9,0.3
3345,Luis Morales,806960,CH,137,89.6,-1.3,0.9
3346,Luis Morales,806960,FC,4,87.8,0.6,0.5
3347,Luis Morales,806960,FF,591,97.2,-0.7,1.3
3348,Luis Morales,806960,SI,37,96.2,-1.2,1.0
3349,Luis Morales,806960,SL,158,85.7,0.8,0.3
3350,Luis Morales,806960,ST,240,82.2,1.6,-0.2
3351,Luis Perales,691384,FC,80,93.3,0.0,0.8
3352,Luis Perales,691384,FF,56,99.1,-0.8,1.4
3353,Luis Perales,691384,FS,81,87.6,-0.9,0.2
3354,Luis Perales,691384,SL,33,87.7,0.4,0.3
3355,Luis Peralta,678821,CH,10,86.7,1.0,0.9
3356,Luis Peralta,678821,CU,118,81.6,-0.9,-0.2
3357,Luis Peralta,678821,FF,308,94.6,1.0,1.1
3358,Luis Severino,622663,CH,204,86.3,-1.2,0.6
3359,Luis Severino,622663,FC,697,93.5,0.1,0.8
3360,Luis Severino,622663,FF,990,96.3,-0.6,1.4
3361,Luis Severino,622663,SI,827,95.9,-1.2,1.0
3362,Luis Severino,622663,SL,155,86.9,0.6,0.3
3363,Luis Severino,622663,ST,944,84.6,1.3,0.2
3364,Luis Torrens,620443,CH,6,54.0,-0.2,1.3
3365,Luis Torrens,620443,EP,18,41.2,0.1,1.4
3366,Luis Torrens,620443,FF,21,62.3,-0.5,1.6
3367,Luis Vazquez,676679,CU,6,32.7,0.2,1.7
3368,Luis Vazquez,676679,EP,22,37.4,-0.1,1.9
3369,Luis Vazquez,676679,SL,3,33.2,0.0,1.8
3370,Luisangel Acuna,682668,CU,16,39.6,-0.1,1.3
3371,Luisangel Acuna,682668,EP,2,36.0,-0.2,1.6
3372,Luisangel Acuna,682668,SL,10,42.1,-0.3,1.6
3373,Luke Jackson,592426,CH,1,86.7,-1.1,0.2
3374,Luke Jackson,592426,CU,121,84.0,0.3,-1.0
3375,Luke Jackson,592426,FC,6,90.5,0.1,0.8
3376,Luke Jackson,592426,FF,267,94.2,-0.5,1.5
3377,Luke Jackson,592426,SL,387,87.2,-0.0,-0.4
3378,Luke Little,681432,FF,55,93.9,0.3,0.7
3379,Luke Little,681432,SI,1,96.7,1.3,0.4
3380,Luke Little,681432,ST,39,82.7,-1.1,0.2
3381,Luke Maile,571912,CH,2,63.6,-1.2,1.3
3382,Luke Maile,571912,CU,1,48.6,-0.8,1.2
3383,Luke Maile,571912,FF,8,64.1,-0.8,1.4
3384,Luke Maile,571912,SL,10,69.5,-0.7,1.6
3385,Luke Murphy,684665,CH,26,92.4,-1.2,0.4
3386,Luke Murphy,684665,CU,1,83.6,0.7,-0.4
3387,Luke Murphy,684665,FC,80,90.4,0.2,0.5
3388,Luke Murphy,684665,FF,182,95.7,-0.9,1.3
3389,Luke Murphy,684665,SI,3,92.7,-1.2,0.5
3390,Luke Murphy,684665,SL,47,84.4,0.6,0.3
3391,Luke Weaver,596133,CH,615,88.1,-1.1,0.5
3392,Luke Weaver,596133,FC,221,90.9,0.2,0.9
3393,Luke Weaver,596133,FF,1085,95.2,-0.5,1.6
3394,Luke Weaver,596133,SL,18,86.9,0.3,0.9
3395,Luke Williams,663897,EP,54,59.7,-0.8,1.5
3396,Luke Williams,663897,FF,17,74.0,-0.9,1.5
3397,Lyon Richardson,680689,CH,301,86.6,-1.3,0.2
3398,Lyon Richardson,680689,CU,67,79.3,0.7,-0.7
3399,Lyon Richardson,680689,FF,146,95.7,-0.8,1.2
3400,Lyon Richardson,680689,SI,220,95.1,-1.4,0.7
3401,Lyon Richardson,680689,SL,8,83.5,0.1,-0.1
3402,MacKenzie Gore,669022,CH,673,86.2,1.1,0.8
3403,MacKenzie Gore,669022,CU,1206,81.5,-0.3,-1.0
3404,MacKenzie Gore,669022,FC,320,90.0,-0.1,0.6
3405,MacKenzie Gore,669022,FF,2776,95.2,0.6,1.4
3406,MacKenzie Gore,669022,SI,160,95.1,1.1,1.2
3407,MacKenzie Gore,669022,SL,620,86.2,-0.2,0.2
3408,Manuel Rodriguez,655889,FF,90,96.7,-0.3,1.3
3409,Manuel Rodriguez,655889,SI,177,97.1,-1.2,0.8
3410,Manuel Rodriguez,655889,SL,260,89.4,0.3,0.0
3411,Marc Church,687847,CH,3,91.3,-1.0,0.8
3412,Marc Church,687847,FF,47,96.1,-0.2,1.5
3413,Marc Church,687847,SL,49,86.7,0.2,0.4
3414,Marco Gonzales,594835,CH,25,81.0,1.4,0.6
3415,Marco Gonzales,594835,CU,10,80.6,-0.5,-0.8
3416,Marco Gonzales,594835,FC,20,87.1,0.1,0.8
3417,Marco Gonzales,594835,FF,38,89.9,1.0,1.4
3418,Marco Gonzales,594835,SI,5,89.9,1.2,1.0
3419,Marco Gonzales,594835,SV,20,81.2,-0.8,-0.7
3420,Marco Raya,694397,CH,17,89.1,-1.1,0.2
3421,Marco Raya,694397,CU,11,84.4,0.4,-0.8
3422,Marco Raya,694397,FC,1,87.4,0.3,0.5
3423,Marco Raya,694397,FF,45,94.6,-0.3,1.2
3424,Marco Raya,694397,ST,26,84.4,1.2,-0.2
3425,Marcus Stroman,573186,CU,35,77.9,1.2,-0.6
3426,Marcus Stroman,573186,FC,125,88.8,0.1,0.6
3427,Marcus Stroman,573186,FF,30,89.5,-0.4,1.2
3428,Marcus Stroman,573186,FS,75,82.3,-1.2,0.3
3429,Marcus Stroman,573186,SI,257,89.8,-0.9,0.3
3430,Marcus Stroman,573186,SL,46,84.5,0.5,-0.3
3431,Marcus Stroman,573186,SV,136,82.1,1.4,-0.1
3432,Mark Leiter Jr.,643410,CU,318,74.0,0.7,-1.4
3433,Mark Leiter Jr.,643410,FC,72,90.1,0.1,0.7
3434,Mark Leiter Jr.,643410,FF,69,92.3,-0.6,1.3
3435,Mark Leiter Jr.,643410,FS,435,85.2,-0.5,0.3
3436,Mark Leiter Jr.,643410,SI,466,93.3,-1.2,1.1
3437,Mark Leiter Jr.,643410,SL,23,83.4,0.3,-0.2
3438,Mark Manfredi,815081,CH,9,86.3,1.1,0.3
3439,Mark Manfredi,815081,FF,153,94.2,0.7,1.1
3440,Mark Manfredi,815081,SI,8,92.6,1.1,0.8
3441,Mark Manfredi,815081,SL,61,85.3,-0.3,0.4
3442,Mark Manfredi,815081,ST,14,78.4,-0.9,0.2
3443,Martin Perez,527048,CH,963,81.9,1.2,0.7
3444,Martin Perez,527048,CU,239,76.6,-0.4,-0.3
3445,Martin Perez,527048,FC,746,85.3,-0.1,0.8
3446,Martin Perez,527048,FF,129,89.9,0.8,1.3
3447,Martin Perez,527048,SI,1069,89.3,1.3,0.8
3448,Mason Adams,690279,CH,21,88.0,-1.2,0.4
3449,Mason Adams,690279,CU,71,82.0,0.6,-1.1
3450,Mason Adams,690279,FC,19,88.4,0.0,0.5
3451,Mason Adams,690279,FF,125,93.2,-0.6,1.0
3452,Mason Adams,690279,SI,100,92.3,-1.1,0.4
3453,Mason Adams,690279,ST,52,85.7,0.9,-0.5
3454,Mason Barnett,686930,CH,111,85.4,-0.8,0.1
3455,Mason Barnett,686930,CU,148,78.8,0.7,-1.3
3456,Mason Barnett,686930,FF,633,94.7,-0.1,1.3
3457,Mason Barnett,686930,SL,152,87.4,0.3,-0.2
3458,Mason Barnett,686930,ST,209,84.1,1.3,-0.2
3459,Mason Black,696131,CH,25,87.8,-1.2,0.1
3460,Mason Black,696131,CU,26,81.4,0.2,-0.5
3461,Mason Black,696131,FC,49,90.5,-0.3,0.6
3462,Mason Black,696131,FF,146,93.7,-1.0,1.2
3463,Mason Black,696131,SI,160,93.7,-1.4,0.7
3464,Mason Black,696131,SL,78,86.9,0.0,0.1
3465,Mason Black,696131,ST,146,82.6,1.1,-0.3
3466,Mason Englert,669438,CH,409,87.1,-1.1,0.1
3467,Mason Englert,669438,CS,8,68.7,1.1,-1.3
3468,Mason Englert,669438,CU,166,75.8,1.0,-1.2
3469,Mason Englert,669438,FC,197,87.3,0.2,0.3
3470,Mason Englert,669438,FF,248,93.5,-0.7,1.4
3471,Mason Englert,669438,PO,1,90.9,-0.7,1.4
3472,Mason Englert,669438,SI,233,92.3,-1.2,0.8
3473,Mason Englert,669438,SL,30,82.6,0.2,-0.2
3474,Mason Englert,669438,ST,5,80.8,1.1,0.1
3475,Mason Englert,669438,SV,5,81.4,0.5,-0.2
3476,Mason Fluharty,689254,CH,105,87.3,1.1,0.1
3477,Mason Fluharty,689254,FC,1007,90.5,-0.2,0.9
3478,Mason Fluharty,689254,SI,1,91.6,1.0,1.0
3479,Mason Fluharty,689254,ST,762,81.9,-1.3,0.1
3480,Mason Miller,695243,CH,44,94.7,-1.2,0.4
3481,Mason Miller,695243,FF,1029,101.3,-0.6,1.4
3482,Mason Miller,695243,SI,1,100.9,-0.3,1.5
3483,Mason Miller,695243,SL,988,87.9,0.8,-0.2
3484,Mason Montgomery,682254,CH,23,89.8,0.7,0.9
3485,Mason Montgomery,682254,CU,155,86.5,-0.2,-0.5
3486,Mason Montgomery,682254,FF,1098,98.6,0.4,1.5
3487,Mason Montgomery,682254,SI,254,98.7,1.0,1.2
3488,Mason Montgomery,682254,SL,447,89.7,-0.1,0.1
3489,Mason Thompson,666168,CH,7,87.3,-1.3,0.5
3490,Mason Thompson,666168,CU,12,82.1,0.9,-1.0
3491,Mason Thompson,666168,FF,42,94.8,-0.6,1.5
3492,Mason Thompson,666168,SI,98,95.0,-1.3,1.0
3493,Mason Thompson,666168,SL,80,84.9,0.4,-0.2
3494,Matt Bowman,621199,FC,115,88.5,0.2,0.6
3495,Matt Bowman,621199,FF,13,90.4,-0.5,0.9
3496,Matt Bowman,621199,FS,38,84.1,-0.7,0.0
3497,Matt Bowman,621199,SI,194,91.1,-1.5,0.3
3498,Matt Bowman,621199,ST,87,82.7,1.0,0.4
3499,Matt Brash,666374,CH,133,90.2,-1.1,-0.2
3500,Matt Brash,666374,CU,6,83.8,1.3,-0.7
3501,Matt Brash,666374,FF,56,96.0,-0.9,1.1
3502,Matt Brash,666374,SI,235,96.6,-1.4,0.7
3503,Matt Brash,666374,SL,654,86.2,1.3,-0.1
3504,Matt Gage,657424,CH,122,85.3,0.8,0.4
3505,Matt Gage,657424,CU,9,81.9,-0.5,-0.4
3506,Matt Gage,657424,FF,321,92.3,0.1,1.3
3507,Matt Gage,657424,SI,90,93.0,1.0,1.1
3508,Matt Gage,657424,SL,498,84.9,-0.4,0.1
3509,Matt Gage,657424,ST,17,80.9,-1.1,-0.2
3510,Matt Krook,640454,CH,12,84.8,1.3,-0.2
3511,Matt Krook,640454,FC,24,87.3,0.0,0.4
3512,Matt Krook,640454,SI,102,89.6,1.3,0.3
3513,Matt Krook,640454,ST,112,82.2,-1.2,0.0
3514,Matt Pushard,690155,CH,9,87.2,-1.0,0.2
3515,Matt Pushard,690155,CU,15,82.8,0.8,-0.4
3516,Matt Pushard,690155,FF,54,95.0,-0.8,1.4
3517,Matt Pushard,690155,SI,1,94.6,-0.8,1.4
3518,Matt Pushard,690155,SL,26,88.5,0.3,0.5
3519,Matt Pushard,690155,ST,15,84.9,1.0,0.1
3520,Matt Sauer,669422,CH,39,87.6,-1.1,0.6
3521,Matt Sauer,669422,CU,28,82.5,0.7,-0.4
3522,Matt Sauer,669422,FC,163,90.0,0.4,0.6
3523,Matt Sauer,669422,FF,112,94.1,-0.4,1.4
3524,Matt Sauer,669422,FS,6,84.8,-0.6,0.4
3525,Matt Sauer,669422,SI,91,94.3,-1.2,1.1
3526,Matt Sauer,669422,SL,73,84.2,0.4,-0.4
3527,Matt Seelinger,676910,CU,10,80.8,-0.1,-0.4
3528,Matt Seelinger,676910,FC,22,86.6,0.3,0.7
3529,Matt Seelinger,676910,FF,20,92.8,-0.2,1.7
3530,Matt Strahm,621381,CH,78,82.3,1.1,-0.2
3531,Matt Strahm,621381,FC,194,87.6,0.3,0.8
3532,Matt Strahm,621381,FF,619,91.9,1.1,1.4
3533,Matt Strahm,621381,SI,244,92.1,1.4,1.0
3534,Matt Strahm,621381,SL,491,82.1,-0.6,0.4
3535,Matt Svanson,694335,FC,330,92.1,0.2,0.5
3536,Matt Svanson,694335,FF,20,96.5,-0.7,1.0
3537,Matt Svanson,694335,SI,812,96.6,-1.3,0.7
3538,Matt Svanson,694335,ST,590,86.9,0.9,0.2
3539,Matt Waldron,663362,FC,145,87.9,0.2,0.7
3540,Matt Waldron,663362,FF,139,91.8,-0.7,1.2
3541,Matt Waldron,663362,KN,285,80.2,-0.2,-0.2
3542,Matt Waldron,663362,SI,121,91.4,-1.3,0.7
3543,Matt Waldron,663362,ST,104,80.9,1.1,0.4
3544,Matt Wilkinson,683363,CH,86,83.8,1.2,0.7
3545,Matt Wilkinson,683363,FC,20,83.8,-0.1,0.5
3546,Matt Wilkinson,683363,FF,222,90.4,0.9,1.1
3547,Matt Wilkinson,683363,SL,54,79.2,-0.8,0.1
3548,Matthew Boyd,571510,CH,1167,78.7,1.3,0.4
3549,Matthew Boyd,571510,CU,545,73.4,-0.9,-0.7
3550,Matthew Boyd,571510,FF,2101,93.1,1.1,1.0
3551,Matthew Boyd,571510,SI,125,92.0,1.4,0.7
3552,Matthew Boyd,571510,SL,675,82.4,-0.2,0.1
3553,Matthew Festa,670036,FC,187,90.9,0.4,0.7
3554,Matthew Festa,670036,FF,829,92.5,0.1,1.0
3555,Matthew Festa,670036,SI,128,93.3,-0.9,0.8
3556,Matthew Festa,670036,SL,1,83.9,0.7,0.1
3557,Matthew Festa,670036,ST,738,83.3,1.3,0.1
3558,Matthew Festa,670036,UN,1,72.0,1.1,-0.2
3559,Matthew Liberatore,669461,CH,618,88.5,1.2,0.8
3560,Matthew Liberatore,669461,CU,828,78.6,-0.8,-1.5
3561,Matthew Liberatore,669461,FC,349,90.3,-0.2,0.9
3562,Matthew Liberatore,669461,FF,1462,94.1,0.6,1.4
3563,Matthew Liberatore,669461,FS,9,87.0,0.6,0.6
3564,Matthew Liberatore,669461,PO,3,87.9,0.3,0.9
3565,Matthew Liberatore,669461,SI,459,94.1,1.1,1.2
3566,Matthew Liberatore,669461,SL,1182,86.2,-0.3,0.1
3567,Matthew Liberatore,669461,ST,7,85.1,-0.9,0.1
3568,Max Fried,608331,CH,545,85.4,1.2,0.3
3569,Max Fried,608331,CU,764,74.8,-0.9,-1.4
3570,Max Fried,608331,FC,1251,93.1,-0.1,0.7
3571,Max Fried,608331,FF,685,95.4,0.3,1.3
3572,Max Fried,608331,SI,904,93.7,0.8,0.4
3573,Max Fried,608331,SL,84,85.1,-0.4,-0.0
3574,Max Fried,608331,ST,560,80.9,-1.5,-0.3
3575,Max Kranick,668820,CU,145,79.8,0.8,-0.6
3576,Max Kranick,668820,FF,339,95.5,-0.3,1.4
3577,Max Kranick,668820,SI,15,95.2,-0.8,1.3
3578,Max Kranick,668820,SL,304,89.5,0.2,0.6
3579,Max Kranick,668820,ST,65,82.7,1.0,0.5
3580,Max Lazar,676661,CU,193,81.2,0.5,-1.3
3581,Max Lazar,676661,FC,126,88.2,0.3,0.3
3582,Max Lazar,676661,FF,402,94.5,-0.1,1.4
3583,Max Lazar,676661,FS,53,86.6,-0.8,0.5
3584,Max Meyer,676974,CH,364,88.2,-1.2,0.3
3585,Max Meyer,676974,FF,661,95.1,-0.8,1.4
3586,Max Meyer,676974,SI,314,93.9,-1.3,0.6
3587,Max Meyer,676974,SL,821,90.0,0.1,-0.1
3588,Max Meyer,676974,ST,668,88.6,0.8,-0.5
3589,Max Rajcic,691008,CH,19,85.7,-1.3,0.7
3590,Max Rajcic,691008,CU,42,82.7,0.7,-1.3
3591,Max Rajcic,691008,FF,66,95.5,-0.9,1.3
3592,Max Rajcic,691008,SI,12,95.0,-1.2,1.1
3593,Max Rajcic,691008,SL,5,89.0,0.0,0.2
3594,Max Rajcic,691008,ST,19,83.9,0.9,0.1
3595,Max Scherzer,453286,CH,386,84.4,-1.2,0.4
3596,Max Scherzer,453286,CU,347,75.7,1.0,-0.6
3597,Max Scherzer,453286,FC,79,87.7,0.2,0.7
3598,Max Scherzer,453286,FF,1265,93.3,-0.7,1.4
3599,Max Scherzer,453286,SL,567,86.1,0.3,0.3
3600,Max Schuemann,680474,CU,9,47.3,-0.0,1.0
3601,Max Schuemann,680474,SL,5,48.1,-0.2,1.6
3602,McCade Brown,685326,CH,28,87.6,-1.4,0.5
3603,McCade Brown,685326,CU,90,78.7,0.9,-1.0
3604,McCade Brown,685326,PO,1,91.9,-0.8,1.0
3605,McCade Brown,685326,SI,286,94.3,-0.9,1.1
3606,McCade Brown,685326,SL,97,85.3,0.3,0.2
3607,Merrill Kelly,518876,CH,1473,88.4,-1.3,0.0
3608,Merrill Kelly,518876,CU,568,82.1,0.7,-0.8
3609,Merrill Kelly,518876,FC,920,90.8,-0.3,1.0
3610,Merrill Kelly,518876,FF,1345,92.0,-0.8,1.2
3611,Merrill Kelly,518876,PO,5,90.3,-0.8,1.2
3612,Merrill Kelly,518876,SI,612,92.3,-1.4,0.5
3613,Merrill Kelly,518876,SL,453,86.1,0.2,0.3
3614,Michael Darrell-Hicks,690382,FC,53,87.4,0.3,0.3
3615,Michael Darrell-Hicks,690382,FF,7,95.2,-0.6,1.3
3616,Michael Darrell-Hicks,690382,SI,68,94.3,-1.4,0.8
3617,Michael Darrell-Hicks,690382,ST,30,83.2,1.3,-0.0
3618,Michael Fulmer,605242,CH,41,88.1,-1.2,0.3
3619,Michael Fulmer,605242,CU,28,81.0,1.4,-0.4
3620,Michael Fulmer,605242,FC,133,88.7,0.5,0.3
3621,Michael Fulmer,605242,FF,43,93.5,-0.1,1.3
3622,Michael Fulmer,605242,SI,29,94.1,-1.1,0.9
3623,Michael Fulmer,605242,ST,52,81.8,1.5,-0.2
3624,Michael Grove,675627,CU,7,76.2,0.9,-1.2
3625,Michael Grove,675627,FC,14,89.7,0.4,0.9
3626,Michael Grove,675627,FF,16,94.2,-0.1,1.4
3627,Michael Grove,675627,SI,18,93.7,-0.8,1.3
3628,Michael Grove,675627,SL,34,85.1,0.5,-0.1
3629,Michael Kelly,547184,CH,9,89.3,-0.9,0.2
3630,Michael Kelly,547184,FC,11,91.8,0.1,0.6
3631,Michael Kelly,547184,FF,224,95.8,-0.5,1.2
3632,Michael Kelly,547184,SI,43,95.0,-1.3,0.7
3633,Michael Kelly,547184,SL,110,90.0,0.4,0.5
3634,Michael Kelly,547184,ST,382,83.1,1.4,-0.2
3635,Michael King,650633,CH,1049,86.6,-1.4,0.4
3636,Michael King,650633,FF,903,94.1,-0.6,1.3
3637,Michael King,650633,SI,1189,93.0,-1.4,0.4
3638,Michael King,650633,SL,287,84.9,0.4,0.1
3639,Michael King,650633,ST,772,82.1,1.1,0.3
3640,Michael Kopech,656629,CH,1,92.7,-1.1,0.3
3641,Michael Kopech,656629,FC,35,91.6,0.4,0.5
3642,Michael Kopech,656629,FF,191,97.5,-0.7,1.5
3643,Michael Kopech,656629,SL,4,87.8,0.4,0.2
3644,Michael Lorenzen,547179,CH,889,84.2,-1.2,0.7
3645,Michael Lorenzen,547179,CU,515,82.4,0.1,-0.9
3646,Michael Lorenzen,547179,FC,589,90.2,-0.1,0.6
3647,Michael Lorenzen,547179,FF,946,94.0,-0.9,1.2
3648,Michael Lorenzen,547179,SI,926,93.2,-1.3,0.7
3649,Michael Lorenzen,547179,SL,481,85.5,0.2,0.0
3650,Michael Lorenzen,547179,ST,372,82.5,0.9,-0.0
3651,Michael McGreevy,700241,CH,697,87.2,-1.2,0.2
3652,Michael McGreevy,700241,CU,516,78.9,1.0,-1.0
3653,Michael McGreevy,700241,FC,446,87.9,0.1,0.5
3654,Michael McGreevy,700241,FF,1040,92.3,-0.7,1.1
3655,Michael McGreevy,700241,SI,752,91.2,-1.1,0.4
3656,Michael McGreevy,700241,SL,127,83.6,0.3,-0.1
3657,Michael McGreevy,700241,ST,569,82.7,1.1,-0.1
3658,Michael Mercado,675650,CU,13,83.7,0.5,-1.1
3659,Michael Mercado,675650,FC,21,88.4,0.1,0.1
3660,Michael Mercado,675650,FF,47,97.0,-0.9,1.4
3661,Michael Mercado,675650,FS,4,90.8,-1.2,0.1
3662,Michael Petersen,656848,CH,131,89.7,-0.8,0.7
3663,Michael Petersen,656848,FC,135,89.2,0.3,0.3
3664,Michael Petersen,656848,FF,848,97.9,-0.6,1.6
3665,Michael Petersen,656848,SI,10,97.3,-1.1,1.2
3666,Michael Petersen,656848,SL,293,87.7,0.1,-0.1
3667,Michael Rucker,621074,CH,2,91.1,-1.1,-0.0
3668,Michael Rucker,621074,CU,214,82.3,1.3,-0.9
3669,Michael Rucker,621074,FC,145,89.8,0.3,0.2
3670,Michael Rucker,621074,FF,232,96.2,-0.5,1.3
3671,Michael Rucker,621074,SI,92,95.7,-1.3,0.6
3672,Michael Rucker,621074,SL,18,86.5,0.5,-0.3
3673,Michael Soroka,647336,CH,374,85.2,-1.4,0.4
3674,Michael Soroka,647336,FC,212,89.0,0.1,0.6
3675,Michael Soroka,647336,FF,1260,93.6,-0.7,1.2
3676,Michael Soroka,647336,PO,2,88.8,-0.9,1.0
3677,Michael Soroka,647336,SI,331,93.3,-1.4,0.6
3678,Michael Soroka,647336,ST,13,83.2,1.2,0.2
3679,Michael Soroka,647336,SV,1098,80.5,1.0,-0.7
3680,Michael Stefanic,683021,CU,1,62.0,-0.9,1.0
3681,Michael Stefanic,683021,SL,6,61.1,-0.7,1.4
3682,Michael Tonkin,543859,FF,213,92.4,-1.1,1.0
3683,Michael Tonkin,543859,SI,45,92.0,-1.4,0.6
3684,Michael Tonkin,543859,SL,105,83.9,0.1,0.0
3685,Michael Tonkin,543859,ST,34,80.0,1.2,-0.1
3686,Michael Wacha,608379,CH,1407,80.2,-1.1,0.6
3687,Michael Wacha,608379,CU,500,75.6,1.0,-1.0
3688,Michael Wacha,608379,FC,852,88.8,0.1,0.8
3689,Michael Wacha,608379,FF,1581,93.1,-0.5,1.5
3690,Michael Wacha,608379,SI,692,93.2,-1.0,1.3
3691,Michael Wacha,608379,SL,571,84.8,0.3,0.3
3692,Michel Otanez,671305,FF,34,97.4,-0.9,1.3
3693,Michel Otanez,671305,SI,44,96.9,-1.3,1.1
3694,Michel Otanez,671305,SL,43,85.2,0.2,0.2
3695,Mick Abel,690953,CH,126,88.3,-0.8,0.2
3696,Mick Abel,690953,CU,203,82.2,0.9,-0.8
3697,Mick Abel,690953,FF,463,95.9,-0.7,1.4
3698,Mick Abel,690953,SI,100,95.2,-1.3,0.8
3699,Mick Abel,690953,SL,131,87.3,0.2,0.2
3700,Mick Abel,690953,ST,54,83.8,1.2,0.1
3701,Miguel Castro,612434,CH,12,88.6,-1.5,0.1
3702,Miguel Castro,612434,SI,63,95.1,-1.5,0.5
3703,Miguel Castro,612434,SL,30,83.7,1.0,0.2
3704,Miguel Rojas,500743,EP,101,46.1,-0.2,1.4
3705,Miguel Rojas,500743,FF,21,61.0,-0.6,1.5
3706,Miguel Ullola,699044,CH,2,89.1,-1.2,0.7
3707,Miguel Ullola,699044,CU,3,83.2,0.2,-0.6
3708,Miguel Ullola,699044,FC,4,86.4,0.5,0.8
3709,Miguel Ullola,699044,FF,132,94.8,-0.4,1.6
3710,Miguel Ullola,699044,SL,42,86.0,0.5,0.5
3711,Mike Burrows,681347,CH,789,87.0,-1.2,0.6
3712,Mike Burrows,681347,CU,409,78.8,0.8,-1.2
3713,Mike Burrows,681347,FF,1050,95.3,-0.6,1.4
3714,Mike Burrows,681347,SI,298,94.9,-1.2,1.0
3715,Mike Burrows,681347,SL,558,88.3,0.3,0.4
3716,Mike Clevinger,605182,CH,17,87.5,-1.1,0.8
3717,Mike Clevinger,605182,CU,1,79.0,0.7,-0.8
3718,Mike Clevinger,605182,FC,25,89.4,0.3,0.6
3719,Mike Clevinger,605182,FF,46,93.2,-0.5,1.4
3720,Mike Clevinger,605182,SI,3,90.4,-1.3,1.0
3721,Mike Clevinger,605182,ST,22,78.8,1.5,-0.4
3722,Mike Paredes,702474,CH,141,87.7,-0.9,0.1
3723,Mike Paredes,702474,FC,85,87.4,0.4,0.5
3724,Mike Paredes,702474,FF,204,93.0,-0.4,1.2
3725,Mike Paredes,702474,ST,121,79.2,1.4,0.2
3726,Mike Vasil,678024,CH,200,86.6,-1.0,0.0
3727,Mike Vasil,678024,CU,199,81.7,0.8,-1.2
3728,Mike Vasil,678024,FC,94,86.1,0.2,0.2
3729,Mike Vasil,678024,FF,230,94.6,-0.5,1.1
3730,Mike Vasil,678024,SI,658,94.4,-1.2,0.4
3731,Mike Vasil,678024,ST,265,81.6,1.4,-0.3
3732,Mike Yastrzemski,573262,CU,1,65.7,-0.7,-0.6
3733,Mike Yastrzemski,573262,EP,8,56.6,0.3,1.4
3734,Mike Yastrzemski,573262,FF,4,72.2,0.8,1.4
3735,Mike Yastrzemski,573262,KN,8,65.8,-0.0,0.5
3736,Miles Mastrobuoni,670156,EP,22,51.2,-0.4,1.8
3737,Miles Mastrobuoni,670156,FF,1,79.3,-0.9,1.6
3738,Miles Mikolas,571945,CH,432,85.8,-1.2,0.4
3739,Miles Mikolas,571945,CS,5,68.9,0.5,-1.1
3740,Miles Mikolas,571945,CU,703,76.4,0.7,-1.2
3741,Miles Mikolas,571945,FF,1154,93.0,-0.7,1.3
3742,Miles Mikolas,571945,PO,4,89.2,-0.6,1.2
3743,Miles Mikolas,571945,SI,839,92.6,-1.3,0.8
3744,Miles Mikolas,571945,SL,1001,87.8,0.2,0.6
3745,Miles Mikolas,571945,ST,172,81.5,0.8,-0.2
3746,Mitch Bratt,683352,CH,71,84.7,1.2,0.5
3747,Mitch Bratt,683352,CU,25,76.8,-0.7,-0.8
3748,Mitch Bratt,683352,FF,338,91.0,0.4,1.3
3749,Mitch Bratt,683352,SI,57,90.8,1.2,0.9
3750,Mitch Bratt,683352,SL,65,86.6,-0.3,0.7
3751,Mitch Bratt,683352,SV,170,79.6,-1.2,-0.2
3752,Mitch Farris,815083,CH,334,78.5,1.3,-0.0
3753,Mitch Farris,815083,FC,135,88.7,0.0,0.8
3754,Mitch Farris,815083,FF,613,91.3,0.8,1.4
3755,Mitch Farris,815083,SL,211,81.6,-0.2,-0.2
3756,Mitch Keller,656605,CH,365,89.0,-1.1,0.2
3757,Mitch Keller,656605,CU,381,77.6,1.0,-1.1
3758,Mitch Keller,656605,FC,139,89.8,0.2,0.8
3759,Mitch Keller,656605,FF,1669,93.8,-0.7,1.3
3760,Mitch Keller,656605,SI,769,92.6,-1.2,0.7
3761,Mitch Keller,656605,SL,586,87.0,0.4,0.0
3762,Mitch Keller,656605,ST,848,82.2,1.5,0.0
3763,Mitch Spence,687765,CH,27,87.8,-0.8,0.3
3764,Mitch Spence,687765,CU,266,81.7,0.8,-0.9
3765,Mitch Spence,687765,FC,690,91.2,0.3,0.4
3766,Mitch Spence,687765,PO,1,85.4,0.2,0.6
3767,Mitch Spence,687765,SI,163,92.5,-0.7,0.4
3768,Mitch Spence,687765,SL,395,84.5,1.1,0.2
3769,Mitch Spence,687765,ST,12,83.8,1.3,0.0
3770,Mitchell Parker,680730,CU,695,80.8,-0.2,-0.6
3771,Mitchell Parker,680730,FF,1726,93.0,0.5,1.5
3772,Mitchell Parker,680730,FS,293,85.4,0.6,0.7
3773,Mitchell Parker,680730,PO,1,92.0,0.8,1.6
3774,Mitchell Parker,680730,SL,654,84.0,-0.5,0.1
3775,Myles Straw,664702,CU,9,47.4,-0.1,0.4
3776,Myles Straw,664702,EP,11,38.1,-0.1,1.8
3777,Myles Straw,664702,KN,2,49.7,-0.1,0.8
3778,Myles Straw,664702,SL,32,42.7,-0.3,1.6
3779,Nabil Crismatt,622503,CH,203,81.4,-0.9,0.2
3780,Nabil Crismatt,622503,CU,83,73.8,1.1,-1.0
3781,Nabil Crismatt,622503,FC,5,89.4,-0.3,0.8
3782,Nabil Crismatt,622503,FF,85,89.0,-0.7,1.2
3783,Nabil Crismatt,622503,SI,128,89.2,-1.2,0.8
3784,Nabil Crismatt,622503,SL,30,81.8,0.2,0.3
3785,Nate Eaton,681987,CH,7,70.3,-0.9,1.1
3786,Nate Eaton,681987,EP,6,58.3,-0.6,1.4
3787,Nate Eaton,681987,SL,1,77.3,-0.3,1.5
3788,Nate Lavender,681320,CH,23,81.3,1.2,0.6
3789,Nate Lavender,681320,FF,193,92.4,0.5,1.5
3790,Nate Lavender,681320,SL,31,85.0,-0.6,0.4
3791,Nate Lavender,681320,ST,20,79.5,-1.2,0.4
3792,Nate Pearson,663878,CH,17,85.7,-0.8,0.5
3793,Nate Pearson,663878,CU,101,81.7,0.9,-0.9
3794,Nate Pearson,663878,FF,469,97.7,-0.5,1.4
3795,Nate Pearson,663878,SI,103,97.1,-1.2,1.0
3796,Nate Pearson,663878,SL,330,89.4,0.5,0.1
3797,Nathan Eovaldi,543135,CU,855,76.1,0.7,-0.7
3798,Nathan Eovaldi,543135,FC,792,90.4,0.1,0.9
3799,Nathan Eovaldi,543135,FF,730,94.2,-1.1,1.1
3800,Nathan Eovaldi,543135,FS,1404,88.1,-1.1,0.1
3801,Nathan Eovaldi,543135,SI,243,93.5,-1.4,0.8
3802,Nathan Eovaldi,543135,SL,43,86.2,0.4,0.4
3803,Nathan Wiles,686249,CH,9,85.6,-0.8,0.6
3804,Nathan Wiles,686249,FC,6,86.5,0.2,0.5
3805,Nathan Wiles,686249,FF,9,93.9,-0.5,1.4
3806,Nestor Cortes,641482,CH,83,82.2,1.0,0.5
3807,Nestor Cortes,641482,FC,205,86.6,-0.4,0.9
3808,Nestor Cortes,641482,FF,226,90.1,0.4,1.6
3809,Nestor Cortes,641482,SI,5,89.7,1.0,1.3
3810,Nestor Cortes,641482,ST,80,78.1,-1.1,0.2
3811,Nic Enright,663671,CH,1,85.6,-1.2,0.9
3812,Nic Enright,663671,CU,40,82.6,0.5,-0.5
3813,Nic Enright,663671,FF,353,93.2,-0.4,1.7
3814,Nic Enright,663671,SL,138,85.0,0.2,0.3
3815,Nick Anderson,623433,CH,51,88.5,-1.0,0.5
3816,Nick Anderson,623433,CU,71,83.5,0.2,-0.0
3817,Nick Anderson,623433,FF,106,95.2,-0.5,1.3
3818,Nick Anderson,623433,SI,13,95.4,-0.8,1.2
3819,Nick Burdi,595897,CH,2,86.8,-1.1,-0.1
3820,Nick Burdi,595897,FF,19,94.8,-0.7,0.9
3821,Nick Burdi,595897,SI,36,93.6,-1.4,0.1
3822,Nick Burdi,595897,SL,26,86.2,0.9,0.2
3823,Nick Davila,689546,FF,47,94.8,-1.2,0.9
3824,Nick Davila,689546,SI,108,94.8,-1.4,0.5
3825,Nick Davila,689546,SL,290,87.4,0.1,-0.4
3826,Nick Davila,689546,ST,1,89.0,1.0,0.0
3827,Nick Frasso,693308,CH,93,82.7,-1.2,0.2
3828,Nick Frasso,693308,FC,47,90.1,0.2,0.5
3829,Nick Frasso,693308,FF,203,95.5,-0.9,1.1
3830,Nick Frasso,693308,SL,21,84.2,0.2,-0.7
3831,Nick Hernandez,663321,FF,95,91.3,-0.4,1.5
3832,Nick Hernandez,663321,FS,25,81.5,-0.7,0.1
3833,Nick Hernandez,663321,SL,101,82.0,0.4,0.1
3834,Nick Lodolo,666157,CH,944,87.9,1.4,0.1
3835,Nick Lodolo,666157,CU,1156,82.1,-0.6,-0.0
3836,Nick Lodolo,666157,FF,1196,93.8,1.4,0.8
3837,Nick Lodolo,666157,SI,989,93.7,1.5,0.4
3838,Nick Martinez,607259,CH,1151,78.4,-1.0,0.3
3839,Nick Martinez,607259,CU,386,79.9,0.1,-1.3
3840,Nick Martinez,607259,FC,1084,89.1,0.1,0.9
3841,Nick Martinez,607259,FF,850,92.7,-0.5,1.4
3842,Nick Martinez,607259,PO,3,92.4,-0.9,1.3
3843,Nick Martinez,607259,SI,1224,92.4,-1.2,1.1
3844,Nick Martinez,607259,SL,354,85.0,0.1,0.2
3845,Nick Mears,683232,CH,36,84.5,-1.3,0.2
3846,Nick Mears,683232,CU,81,81.9,0.5,-1.2
3847,Nick Mears,683232,FF,577,95.3,-0.5,1.5
3848,Nick Mears,683232,SI,41,93.8,-1.1,1.2
3849,Nick Mears,683232,SL,451,86.2,0.2,-0.1
3850,Nick Pivetta,601713,CU,742,79.0,0.6,-1.4
3851,Nick Pivetta,601713,FC,304,90.2,0.4,0.9
3852,Nick Pivetta,601713,FF,1590,93.8,-0.2,1.6
3853,Nick Pivetta,601713,FS,5,87.3,-1.0,1.1
3854,Nick Pivetta,601713,SI,118,93.8,-0.8,1.5
3855,Nick Pivetta,601713,SL,50,83.5,0.6,0.5
3856,Nick Pivetta,601713,ST,533,81.8,1.1,0.2
3857,Nick Raquet,675919,CH,3,86.7,0.8,0.2
3858,Nick Raquet,675919,FC,4,88.4,0.0,0.7
3859,Nick Raquet,675919,FF,3,91.2,0.6,1.3
3860,Nick Raquet,675919,SI,28,91.6,1.1,0.8
3861,Nick Raquet,675919,SL,24,84.3,-0.6,-0.4
3862,Nick Raquet,675919,ST,40,82.6,-1.4,-0.2
3863,Nick Sandlin,680704,FF,81,91.4,-1.1,1.1
3864,Nick Sandlin,680704,FS,94,84.3,-1.0,-0.1
3865,Nick Sandlin,680704,PO,1,90.1,-1.1,1.2
3866,Nick Sandlin,680704,SI,45,91.6,-1.4,0.3
3867,Nick Sandlin,680704,SL,226,77.9,1.4,0.6
3868,Nicky Lopez,670032,EP,5,54.3,0.1,0.5
3869,Nicky Lopez,670032,FF,27,63.2,-0.4,1.5
3870,Niko Kavadas,694359,CU,2,44.2,-0.0,1.5
3871,Niko Kavadas,694359,SL,23,56.5,-0.3,1.5
3872,Noah Cameron,702070,CH,966,81.1,1.0,0.9
3873,Noah Cameron,702070,CU,880,81.3,-0.3,-0.8
3874,Noah Cameron,702070,FC,1056,89.1,-0.3,0.7
3875,Noah Cameron,702070,FF,1242,92.4,0.4,1.4
3876,Noah Cameron,702070,SI,132,91.5,1.0,0.9
3877,Noah Cameron,702070,SL,680,84.7,-0.3,0.1
3878,Noah Davis,663562,CU,1,76.0,1.6,-0.7
3879,Noah Davis,663562,FC,48,87.9,0.1,0.5
3880,Noah Davis,663562,FF,18,94.8,-1.0,1.0
3881,Noah Davis,663562,SC,7,85.8,-1.0,0.2
3882,Noah Davis,663562,SI,94,94.4,-1.5,0.6
3883,Noah Davis,663562,ST,83,80.0,1.4,-0.0
3884,Noah Murdock,668716,CH,15,91.7,-0.6,0.4
3885,Noah Murdock,668716,CU,23,84.4,0.7,-0.8
3886,Noah Murdock,668716,FC,98,89.4,0.3,0.4
3887,Noah Murdock,668716,FF,1,93.3,-0.6,0.5
3888,Noah Murdock,668716,PO,1,89.3,-0.3,0.7
3889,Noah Murdock,668716,SI,240,94.6,-1.1,0.2
3890,Noah Murdock,668716,ST,78,82.2,1.2,0.2
3891,Noah Schultz,702273,CH,119,89.2,1.4,0.3
3892,Noah Schultz,702273,CU,14,82.6,-0.8,-0.5
3893,Noah Schultz,702273,FC,264,89.9,-0.2,0.7
3894,Noah Schultz,702273,FF,271,95.3,0.9,0.9
3895,Noah Schultz,702273,SI,315,95.1,1.5,0.5
3896,Noah Schultz,702273,ST,237,82.6,-1.2,0.0
3897,Nolan Hoffman,676510,CH,18,85.7,-1.3,-0.6
3898,Nolan Hoffman,676510,CU,15,78.6,1.4,-0.5
3899,Nolan Hoffman,676510,FC,53,88.5,-0.2,0.5
3900,Nolan Hoffman,676510,FF,51,93.3,-1.5,0.5
3901,Nolan Hoffman,676510,SI,63,93.3,-1.5,0.1
3902,Nolan Hoffman,676510,ST,21,80.7,1.1,0.4
3903,Nolan Kingham,663884,CH,2,87.8,-1.1,0.2
3904,Nolan Kingham,663884,FF,13,95.4,-0.8,1.2
3905,Nolan Kingham,663884,SI,3,94.4,-1.5,0.7
3906,Nolan Kingham,663884,SL,4,84.1,0.1,-0.4
3907,Nolan McLean,690997,CH,241,87.8,-1.1,-0.2
3908,Nolan McLean,690997,CS,4,74.8,1.5,-1.1
3909,Nolan McLean,690997,CU,523,81.6,1.5,-1.1
3910,Nolan McLean,690997,FC,356,91.9,0.1,0.5
3911,Nolan McLean,690997,FF,656,96.0,-0.9,1.2
3912,Nolan McLean,690997,SI,1181,95.0,-1.5,0.4
3913,Nolan McLean,690997,SL,76,86.2,0.9,0.4
3914,Nolan McLean,690997,ST,534,85.1,1.5,-0.1
3915,Omar Cruz,678316,CH,21,82.2,1.0,0.6
3916,Omar Cruz,678316,CU,9,76.6,-0.7,-1.6
3917,Omar Cruz,678316,FF,50,92.7,0.9,1.5
3918,Omar Cruz,678316,SL,1,86.7,-0.1,0.3
3919,Orion Kerkering,689147,FF,737,97.3,-0.9,1.3
3920,Orion Kerkering,689147,FS,64,92.2,-1.3,0.6
3921,Orion Kerkering,689147,SI,390,96.3,-1.4,0.9
3922,Orion Kerkering,689147,ST,975,86.9,1.2,0.1
3923,Orlando Arcia,606115,CU,8,46.9,-0.0,1.2
3924,Orlando Arcia,606115,SL,6,55.2,-0.3,1.3
3925,Orlando Ribalta,687377,CH,227,86.0,-0.8,1.1
3926,Orlando Ribalta,687377,FF,393,96.7,-0.7,1.5
3927,Orlando Ribalta,687377,SI,221,96.4,-1.2,1.0
3928,Orlando Ribalta,687377,SL,410,86.9,0.2,0.3
3929,Osvaldo Bido,674370,CH,167,88.8,-1.3,0.8
3930,Osvaldo Bido,674370,FC,94,86.6,-0.0,0.5
3931,Osvaldo Bido,674370,FF,607,94.5,-0.8,1.3
3932,Osvaldo Bido,674370,PO,2,92.8,-0.7,1.1
3933,Osvaldo Bido,674370,SI,276,94.8,-1.3,0.8
3934,Osvaldo Bido,674370,SL,488,85.5,0.5,0.3
3935,Osvaldo Bido,674370,ST,63,85.2,0.9,0.3
3936,Oswald Peraza,672724,CU,32,38.8,-0.1,1.4
3937,Oswald Peraza,672724,SL,8,39.8,0.3,2.0
3938,Owen Murphy,702566,CH,42,85.4,-1.0,0.3
3939,Owen Murphy,702566,CU,33,79.3,0.5,-0.8
3940,Owen Murphy,702566,FF,110,92.9,-0.6,1.6
3941,Owen Murphy,702566,SI,2,92.6,-1.0,1.1
3942,Owen Murphy,702566,SL,25,87.8,0.2,0.7
3943,Owen White,669391,CH,10,86.7,-1.1,0.3
3944,Owen White,669391,CU,5,77.3,1.2,-1.1
3945,Owen White,669391,FC,21,88.8,0.3,0.6
3946,Owen White,669391,FF,38,92.3,-0.6,1.4
3947,Owen White,669391,SI,7,92.0,-1.1,0.7
3948,Owen White,669391,SL,5,87.8,0.4,0.4
3949,Owen White,669391,ST,33,81.7,1.5,-0.3
3950,P.J. Higgins,664731,CH,9,53.6,-1.1,1.5
3951,P.J. Higgins,664731,SL,1,53.8,-0.5,1.4
3952,PJ Poulin,676571,CH,169,80.3,1.1,-0.2
3953,PJ Poulin,676571,FF,377,90.5,1.2,0.7
3954,PJ Poulin,676571,SI,183,89.1,1.5,0.1
3955,PJ Poulin,676571,ST,325,78.9,-0.7,0.5
3956,Pablo Lopez,641154,CH,266,87.3,-1.2,0.2
3957,Pablo Lopez,641154,CU,123,82.6,0.6,-1.0
3958,Pablo Lopez,641154,FF,519,94.5,-0.5,1.2
3959,Pablo Lopez,641154,PO,1,94.5,-0.6,1.2
3960,Pablo Lopez,641154,SI,82,93.6,-1.2,0.6
3961,Pablo Lopez,641154,ST,268,84.9,1.0,0.0
3962,Pablo Reyes,622569,EP,5,44.5,-0.3,1.2
3963,Pablo Reyes,622569,FF,13,66.8,-0.9,1.3
3964,Parker Messick,800048,CH,824,85.7,1.2,0.2
3965,Parker Messick,800048,CU,325,78.7,-1.2,-0.5
3966,Parker Messick,800048,FC,122,90.7,-0.2,0.9
3967,Parker Messick,800048,FF,1426,94.1,0.4,1.4
3968,Parker Messick,800048,SI,517,92.6,1.1,0.8
3969,Parker Messick,800048,SL,295,86.9,-0.5,0.4
3970,Parker Mushinski,656786,CH,5,86.6,1.0,0.1
3971,Parker Mushinski,656786,CU,20,82.3,-0.6,-0.9
3972,Parker Mushinski,656786,FC,22,88.7,-0.4,0.7
3973,Parker Mushinski,656786,FF,29,92.5,0.3,1.0
3974,Parker Mushinski,656786,SI,20,91.2,0.8,0.8
3975,Parker Mushinski,656786,ST,43,82.2,-1.1,0.3
3976,Patrick Corbin,571578,CH,486,79.9,1.0,0.7
3977,Patrick Corbin,571578,CU,28,67.6,-0.2,-0.2
3978,Patrick Corbin,571578,FC,873,87.2,-0.1,0.5
3979,Patrick Corbin,571578,FF,238,91.4,0.6,1.3
3980,Patrick Corbin,571578,SI,1120,91.5,1.2,0.9
3981,Patrick Corbin,571578,SL,1255,79.9,-0.2,0.0
3982,Patrick Monteverde,687287,CH,9,82.7,1.3,0.4
3983,Patrick Monteverde,687287,CU,26,77.3,-0.9,-0.8
3984,Patrick Monteverde,687287,FC,50,86.2,-0.4,0.7
3985,Patrick Monteverde,687287,FF,20,90.2,0.6,1.2
3986,Patrick Monteverde,687287,FS,12,80.9,0.7,-0.2
3987,Patrick Monteverde,687287,SI,22,89.6,1.3,1.0
3988,Patrick Monteverde,687287,SL,13,80.7,-0.8,0.4
3989,Patrick Sandoval,663776,CH,289,83.4,1.2,0.8
3990,Patrick Sandoval,663776,CU,47,75.7,-0.9,-1.0
3991,Patrick Sandoval,663776,FF,272,93.4,0.6,1.3
3992,Patrick Sandoval,663776,SI,202,93.9,1.1,1.1
3993,Patrick Sandoval,663776,SL,243,86.7,-0.6,0.4
3994,Patrick Sandoval,663776,ST,56,80.5,-1.4,0.1
3995,Paul Blackburn,621112,CH,323,87.3,-1.0,0.5
3996,Paul Blackburn,621112,CU,260,80.9,0.7,-1.4
3997,Paul Blackburn,621112,FC,419,91.0,0.3,0.6
3998,Paul Blackburn,621112,FF,62,93.6,-0.4,1.3
3999,Paul Blackburn,621112,PO,1,90.5,0.1,0.6
4000,Paul Blackburn,621112,SI,607,93.7,-1.1,0.7
4001,Paul Blackburn,621112,SL,5,85.1,0.6,0.0
4002,Paul Blackburn,621112,ST,192,82.6,1.4,-0.3
4003,Paul Gervase,801434,CH,2,86.8,-0.8,0.2
4004,Paul Gervase,801434,FC,35,90.0,0.1,0.9
4005,Paul Gervase,801434,FF,135,93.4,-0.5,1.3
4006,Paul Gervase,801434,SL,88,83.5,0.5,-0.3
4007,Paul Sewald,623149,FC,12,88.7,-0.0,0.7
4008,Paul Sewald,623149,FF,642,91.1,-0.9,1.0
4009,Paul Sewald,623149,ST,480,82.8,0.9,0.5
4010,Paul Skenes,694973,CH,674,88.7,-1.3,0.5
4011,Paul Skenes,694973,CU,146,83.6,0.6,-0.3
4012,Paul Skenes,694973,FF,2348,97.5,-1.1,1.0
4013,Paul Skenes,694973,FS,695,93.5,-1.1,0.1
4014,Paul Skenes,694973,SI,600,97.1,-1.4,0.6
4015,Paul Skenes,694973,SL,421,86.0,0.3,0.3
4016,Paul Skenes,694973,ST,907,84.4,0.9,0.5
4017,Paxton Schultz,687606,CH,174,86.5,-0.5,0.3
4018,Paxton Schultz,687606,FC,403,88.8,0.2,0.8
4019,Paxton Schultz,687606,FF,371,93.7,-0.7,1.4
4020,Paxton Schultz,687606,SI,2,94.3,-1.0,1.1
4021,Paxton Schultz,687606,SL,108,85.1,0.5,0.3
4022,Payton Tolle,801139,CH,85,88.9,0.8,0.1
4023,Payton Tolle,801139,CU,227,82.9,-0.6,-0.4
4024,Payton Tolle,801139,FC,498,88.7,-0.2,0.6
4025,Payton Tolle,801139,FF,1212,96.2,0.8,1.3
4026,Payton Tolle,801139,SI,550,94.8,1.4,0.8
4027,Payton Tolle,801139,SL,14,86.8,-0.1,0.1
4028,Pedro Pages,686780,CH,1,65.0,-1.1,1.4
4029,Pedro Pages,686780,CU,4,48.0,-0.5,0.8
4030,Pedro Pages,686780,SL,11,49.8,-0.6,1.6
4031,Penn Murfee,682171,CH,2,85.1,-0.8,-0.7
4032,Penn Murfee,682171,FF,86,88.1,-0.3,0.5
4033,Penn Murfee,682171,SI,30,88.2,-0.9,-0.1
4034,Penn Murfee,682171,ST,114,78.5,1.5,0.1
4035,Pete Fairbanks,664126,CH,62,94.1,-0.9,0.7
4036,Pete Fairbanks,664126,FC,218,89.7,0.5,0.3
4037,Pete Fairbanks,664126,FF,878,97.3,-0.1,1.5
4038,Pete Fairbanks,664126,SL,595,84.8,0.5,-0.5
4039,Peter Lambert,663567,CH,604,86.9,-1.1,0.7
4040,Peter Lambert,663567,FC,272,91.5,0.1,1.0
4041,Peter Lambert,663567,FF,799,93.9,-0.7,1.5
4042,Peter Lambert,663567,SI,242,93.4,-1.3,1.0
4043,Peter Lambert,663567,SL,294,85.6,0.3,0.1
4044,Peter Lambert,663567,ST,120,83.5,1.3,0.0
4045,Peter Lambert,663567,SV,209,80.5,1.3,-0.9
4046,Peter Strzelecki,657265,CH,27,85.6,-1.3,-0.2
4047,Peter Strzelecki,657265,CU,69,81.6,1.2,-0.7
4048,Peter Strzelecki,657265,FF,29,92.5,-0.6,1.1
4049,Peter Strzelecki,657265,SI,99,92.2,-1.2,0.2
4050,Peter Strzelecki,657265,ST,27,81.7,1.3,-0.0
4051,Peyton Gray,682608,CH,375,83.4,-1.4,0.4
4052,Peyton Gray,682608,FF,394,93.1,-1.0,1.4
4053,Peyton Gray,682608,SL,175,86.6,0.3,0.5
4054,Peyton Pallette,688883,CH,6,87.0,-1.1,0.8
4055,Peyton Pallette,688883,CU,106,81.6,0.8,-1.2
4056,Peyton Pallette,688883,FF,231,95.4,-1.0,1.4
4057,Peyton Pallette,688883,SL,99,85.6,0.4,-0.3
4058,Phil Maton,664208,CU,543,75.8,1.6,-0.8
4059,Phil Maton,664208,FC,564,90.2,0.1,1.0
4060,Phil Maton,664208,SI,226,89.9,-1.2,0.5
4061,Phil Maton,664208,ST,221,83.5,1.0,0.5
4062,Philip Abner,691769,CH,23,83.3,0.5,0.4
4063,Philip Abner,691769,CU,64,81.2,-0.2,-0.5
4064,Philip Abner,691769,FF,226,90.5,0.0,1.1
4065,Philip Abner,691769,SI,1,89.5,0.3,1.3
4066,Philip Abner,691769,SL,70,80.2,-0.9,0.1
4067,Pierce Johnson,572955,CU,1211,86.2,0.6,-0.4
4068,Pierce Johnson,572955,FC,57,92.4,-0.2,0.9
4069,Pierce Johnson,572955,FF,503,95.6,-0.9,1.3
4070,Pierson Ohl,701487,CH,205,81.1,-1.1,0.4
4071,Pierson Ohl,701487,CU,32,77.9,0.1,-0.9
4072,Pierson Ohl,701487,FC,63,85.3,0.1,0.7
4073,Pierson Ohl,701487,FF,234,91.9,-0.8,1.5
4074,Pierson Ohl,701487,KN,2,79.6,0.1,0.4
4075,Pierson Ohl,701487,SI,4,91.5,-1.2,1.5
4076,Pierson Ohl,701487,SL,4,80.5,0.1,0.9
4077,Porter Hodge,687863,FF,314,96.0,-0.0,1.3
4078,Porter Hodge,687863,FS,3,90.8,-0.3,0.2
4079,Porter Hodge,687863,SL,23,85.8,1.0,0.3
4080,Porter Hodge,687863,ST,284,84.7,1.2,0.2
4081,Quinn Mathews,687273,CH,129,83.0,0.9,0.4
4082,Quinn Mathews,687273,CU,105,75.7,-0.8,-1.0
4083,Quinn Mathews,687273,FF,305,93.4,0.4,1.4
4084,Quinn Mathews,687273,SI,67,92.8,0.9,1.0
4085,Quinn Mathews,687273,SL,180,84.8,-0.3,0.1
4086,Quinn Priester,682990,CH,37,88.4,-1.1,0.4
4087,Quinn Priester,682990,CU,226,80.9,0.4,-0.7
4088,Quinn Priester,682990,FC,503,92.3,0.1,0.9
4089,Quinn Priester,682990,SI,1029,93.9,-1.2,0.6
4090,Quinn Priester,682990,SL,673,86.1,0.3,-0.0
4091,Rafael Flores Jr.,804668,CU,1,48.2,0.0,1.2
4092,Rafael Flores Jr.,804668,SL,7,54.1,-0.3,1.4
4093,Rafael Montero,606160,FF,439,95.1,-0.8,1.2
4094,Rafael Montero,606160,FS,509,87.9,-1.0,0.1
4095,Rafael Montero,606160,SI,56,95.0,-1.3,0.7
4096,Rafael Montero,606160,SL,84,85.1,0.6,0.1
4097,Raisel Iglesias,628452,CH,591,88.6,-1.3,0.4
4098,Raisel Iglesias,628452,FF,706,94.6,-0.7,1.2
4099,Raisel Iglesias,628452,SI,395,94.6,-1.4,0.7
4100,Raisel Iglesias,628452,SL,160,83.4,0.9,0.3
4101,Randy Dobnak,677976,CH,284,84.8,-0.7,-0.3
4102,Randy Dobnak,677976,CU,5,84.0,-0.1,-0.2
4103,Randy Dobnak,677976,FF,135,92.2,-1.0,0.7
4104,Randy Dobnak,677976,SI,494,91.5,-1.2,0.1
4105,Randy Dobnak,677976,SL,99,83.0,0.2,-0.2
4106,Randy Dobnak,677976,ST,284,82.4,0.7,-0.1
4107,Randy Rodriguez,678495,FF,448,97.4,-0.5,1.5
4108,Randy Rodriguez,678495,SL,360,86.3,0.9,0.2
4109,Randy Vasquez,681190,CH,333,87.9,-1.5,0.4
4110,Randy Vasquez,681190,CU,443,82.3,1.0,-0.4
4111,Randy Vasquez,681190,FC,1046,90.6,0.1,0.8
4112,Randy Vasquez,681190,FF,1112,94.4,-0.8,1.3
4113,Randy Vasquez,681190,SI,792,94.1,-1.3,0.9
4114,Randy Vasquez,681190,SL,168,86.2,0.5,0.4
4115,Randy Vasquez,681190,ST,412,82.9,1.0,0.3
4116,Randy Wynne,691094,CH,6,80.6,-1.1,0.8
4117,Randy Wynne,691094,CU,5,75.5,0.8,-0.9
4118,Randy Wynne,691094,FC,9,86.5,-0.0,0.9
4119,Randy Wynne,691094,SI,24,90.5,-1.3,1.3
4120,Randy Wynne,691094,SL,3,80.8,0.7,0.2
4121,Ranger Suarez,624133,CH,751,80.1,0.9,0.3
4122,Ranger Suarez,624133,CU,779,74.8,-0.9,-0.8
4123,Ranger Suarez,624133,FC,865,87.2,-0.2,0.6
4124,Ranger Suarez,624133,FF,863,91.5,0.4,1.0
4125,Ranger Suarez,624133,SI,1252,90.2,1.2,0.5
4126,Ranger Suarez,624133,SL,218,79.2,-0.9,0.3
4127,Ray Kerr,678061,CS,13,80.3,-0.7,-0.7
4128,Ray Kerr,678061,CU,59,81.1,-0.1,-0.3
4129,Ray Kerr,678061,FC,7,90.3,-0.0,0.8
4130,Ray Kerr,678061,FF,64,95.0,0.7,1.2
4131,Ray Kerr,678061,SI,37,94.6,1.2,0.9
4132,Raymond Burgos,670103,CH,26,84.6,1.2,0.1
4133,Raymond Burgos,670103,FC,34,86.1,0.0,0.6
4134,Raymond Burgos,670103,FF,6,90.5,0.8,1.0
4135,Raymond Burgos,670103,SI,99,90.4,1.3,0.4
4136,Raymond Burgos,670103,ST,66,77.7,-1.3,0.0
4137,Reed Garrett,657585,FC,276,92.5,0.2,0.6
4138,Reed Garrett,657585,FF,40,97.9,-0.8,1.3
4139,Reed Garrett,657585,FS,219,89.1,-1.0,0.1
4140,Reed Garrett,657585,SI,237,96.9,-1.4,0.6
4141,Reed Garrett,657585,ST,207,86.4,1.1,0.2
4142,Reese McGuire,624512,CU,5,38.6,-0.4,1.4
4143,Reese McGuire,624512,EP,9,65.0,-0.1,1.6
4144,Reese McGuire,624512,SL,12,41.1,-0.6,1.8
4145,Reese Olson,681857,CH,300,87.7,-1.2,0.0
4146,Reese Olson,681857,CU,64,79.7,0.7,-1.1
4147,Reese Olson,681857,FF,213,94.3,-0.8,1.3
4148,Reese Olson,681857,SI,327,94.4,-1.3,0.9
4149,Reese Olson,681857,SL,250,84.3,0.4,-0.3
4150,Reese Olson,681857,ST,5,82.5,1.0,-0.2
4151,Reid Detmers,672282,CH,267,83.8,1.0,0.9
4152,Reid Detmers,672282,CU,547,72.8,-0.9,-1.3
4153,Reid Detmers,672282,FF,1787,94.5,0.7,1.4
4154,Reid Detmers,672282,PO,2,85.4,0.9,1.4
4155,Reid Detmers,672282,SI,66,94.7,1.1,1.2
4156,Reid Detmers,672282,SL,1287,86.6,-0.3,-0.3
4157,Reiver Sanmartin,665665,CH,108,86.7,1.5,-0.0
4158,Reiver Sanmartin,665665,FF,31,92.3,1.2,0.9
4159,Reiver Sanmartin,665665,SI,135,91.8,1.5,0.2
4160,Reiver Sanmartin,665665,SL,96,82.6,-0.5,0.0
4161,Reynaldo Lopez,625643,CH,57,84.3,-1.0,0.8
4162,Reynaldo Lopez,625643,CU,155,74.6,0.6,-0.7
4163,Reynaldo Lopez,625643,FF,777,94.2,-0.6,1.4
4164,Reynaldo Lopez,625643,SL,443,84.2,0.5,0.0
4165,Rhett Lowder,695076,CH,451,86.5,-1.5,0.0
4166,Rhett Lowder,695076,CU,60,80.7,1.0,-1.1
4167,Rhett Lowder,695076,FF,453,93.7,-0.9,1.1
4168,Rhett Lowder,695076,SI,657,93.1,-1.4,0.6
4169,Rhett Lowder,695076,SL,596,85.1,0.2,-0.1
4170,Rich Hill,448179,CH,1,80.5,0.9,0.3
4171,Rich Hill,448179,CU,59,72.4,-1.4,-0.8
4172,Rich Hill,448179,FC,27,83.7,-0.2,0.7
4173,Rich Hill,448179,FF,63,88.5,0.4,1.3
4174,Rich Hill,448179,SI,11,87.2,1.3,0.7
4175,Rich Hill,448179,ST,10,70.9,-1.6,0.2
4176,Richard Fitts,690916,CH,19,89.3,-0.8,0.5
4177,Richard Fitts,690916,CU,78,83.0,0.5,-0.8
4178,Richard Fitts,690916,FF,286,95.9,-0.2,1.4
4179,Richard Fitts,690916,SI,65,94.8,-1.0,1.2
4180,Richard Fitts,690916,SL,207,87.8,0.4,0.0
4181,Richard Fitts,690916,ST,80,85.0,1.1,0.1
4182,Richard Lovelady,663992,FF,151,91.5,0.4,1.0
4183,Richard Lovelady,663992,SI,247,91.3,1.2,0.4
4184,Richard Lovelady,663992,SL,75,86.4,-0.4,0.3
4185,Richard Lovelady,663992,ST,340,82.2,-1.1,0.0
4186,Ricky Tiedemann,694357,CH,12,85.7,1.3,0.2
4187,Ricky Tiedemann,694357,FC,2,90.8,-0.1,0.6
4188,Ricky Tiedemann,694357,FF,47,95.9,0.8,1.1
4189,Ricky Tiedemann,694357,ST,62,82.1,-1.0,0.4
4190,Ricky Vanasco,676568,CH,44,84.6,-1.1,0.1
4191,Ricky Vanasco,676568,CU,39,82.6,0.5,-1.1
4192,Ricky Vanasco,676568,FF,87,93.7,-1.0,1.2
4193,Rico Garcia,670329,CH,401,86.7,-1.3,1.2
4194,Rico Garcia,670329,CU,349,86.5,-0.0,-0.5
4195,Rico Garcia,670329,FF,558,95.5,-0.9,1.5
4196,Rico Garcia,670329,SL,268,88.2,0.1,0.4
4197,Riley Cornelio,683000,FC,72,90.2,0.1,0.8
4198,Riley Cornelio,683000,FF,247,96.5,-0.8,1.4
4199,Riley Cornelio,683000,SL,335,85.0,0.1,0.2
4200,Riley Martin,702303,CU,35,85.5,-0.3,-1.0
4201,Riley Martin,702303,FF,65,94.5,0.4,1.5
4202,Riley Martin,702303,SL,18,89.4,-0.2,0.3
4203,Riley O'Brien,676617,CH,12,90.9,-1.3,0.3
4204,Riley O'Brien,676617,CU,160,83.4,1.4,-0.2
4205,Riley O'Brien,676617,PO,1,95.8,-1.5,0.2
4206,Riley O'Brien,676617,SI,987,97.8,-1.3,0.4
4207,Riley O'Brien,676617,SL,313,90.2,0.3,0.3
4208,Riley O'Brien,676617,ST,349,82.9,1.2,-0.4
4209,River Ryan,689981,CH,8,89.8,-1.3,0.4
4210,River Ryan,689981,CU,6,82.3,0.8,-1.4
4211,River Ryan,689981,FC,5,93.0,0.4,0.6
4212,River Ryan,689981,FF,14,96.5,-0.6,1.6
4213,River Ryan,689981,SI,5,94.2,-1.2,0.7
4214,River Ryan,689981,SL,5,89.6,0.2,-0.1
4215,Roansy Contreras,672710,CH,22,88.2,-1.3,1.0
4216,Roansy Contreras,672710,CU,31,79.1,0.6,-0.5
4217,Roansy Contreras,672710,FF,80,95.1,-0.6,1.4
4218,Roansy Contreras,672710,SI,25,95.6,-1.2,1.2
4219,Roansy Contreras,672710,SL,39,83.9,0.3,-0.1
4220,Rob Zastryzny,642239,CH,10,81.6,1.3,0.6
4221,Rob Zastryzny,642239,FC,115,86.3,-0.4,0.3
4222,Rob Zastryzny,642239,FF,154,91.9,0.3,1.4
4223,Rob Zastryzny,642239,FS,18,83.5,0.8,0.2
4224,Rob Zastryzny,642239,ST,50,80.6,-1.0,0.4
4225,Robbie Ray,592662,CH,907,85.6,0.9,0.9
4226,Robbie Ray,592662,CU,683,80.5,-0.2,-0.5
4227,Robbie Ray,592662,FF,2457,93.4,0.7,1.5
4228,Robbie Ray,592662,SI,370,92.6,1.2,1.0
4229,Robbie Ray,592662,SL,1315,87.0,-0.0,0.7
4230,Robbie Ray,592662,ST,13,79.9,-0.8,-0.4
4231,Robby Ahlstrom,695239,CH,102,86.7,0.9,0.6
4232,Robby Ahlstrom,695239,CU,26,81.2,-0.4,-0.3
4233,Robby Ahlstrom,695239,FF,212,94.4,0.5,1.4
4234,Robby Ahlstrom,695239,SI,143,94.4,1.2,1.1
4235,Robby Ahlstrom,695239,SL,165,85.9,-0.2,0.4
4236,Robby Snelling,702281,CH,14,89.4,1.3,0.4
4237,Robby Snelling,702281,CU,29,83.4,-0.9,-0.6
4238,Robby Snelling,702281,FF,28,95.3,0.4,1.6
4239,Robby Snelling,702281,SI,7,93.3,1.3,1.0
4240,Robby Snelling,702281,SL,8,84.7,-0.1,-0.1
4241,Robert Garcia,676395,CH,365,88.8,1.3,0.1
4242,Robert Garcia,676395,FF,548,94.3,0.9,1.2
4243,Robert Garcia,676395,SL,309,86.6,-0.3,0.2
4244,Robert Gasser,688107,CH,188,88.3,1.4,0.1
4245,Robert Gasser,688107,FC,333,88.4,-0.2,0.5
4246,Robert Gasser,688107,FF,434,92.9,0.6,1.2
4247,Robert Gasser,688107,SI,401,92.7,1.3,0.6
4248,Robert Gasser,688107,SL,3,84.5,-0.5,0.1
4249,Robert Gasser,688107,ST,473,80.6,-1.2,0.4
4250,Robert Stephenson,596112,FC,102,87.3,0.1,0.2
4251,Robert Stephenson,596112,FF,23,96.4,-0.9,1.4
4252,Robert Stephenson,596112,FS,13,88.1,-1.0,0.9
4253,Robert Stephenson,596112,SL,9,86.9,0.0,0.2
4254,Robert Stock,476594,CH,51,80.8,-1.2,0.4
4255,Robert Stock,476594,CU,6,79.8,1.2,-1.1
4256,Robert Stock,476594,FC,200,90.8,-0.1,0.7
4257,Robert Stock,476594,FF,142,95.7,-1.0,0.9
4258,Robert Stock,476594,SI,144,94.1,-1.4,0.1
4259,Robert Stock,476594,ST,76,80.9,1.4,0.3
4260,Robert Suarez,663158,CH,404,90.6,-1.4,0.6
4261,Robert Suarez,663158,FC,69,96.0,0.1,1.0
4262,Robert Suarez,663158,FF,872,98.6,-0.5,1.5
4263,Robert Suarez,663158,SI,197,98.4,-1.1,1.3
4264,Robinson Pina,673820,FF,11,93.4,-1.0,1.4
4265,Robinson Pina,673820,FS,14,85.4,-1.3,0.5
4266,Robinson Pina,673820,SI,26,93.9,-1.4,0.9
4267,Robinson Pina,673820,SL,10,83.9,-0.0,-0.1
4268,Roddery Munoz,682610,CH,11,89.9,-1.2,0.5
4269,Roddery Munoz,682610,FC,84,91.7,-0.0,0.6
4270,Roddery Munoz,682610,FF,68,95.6,-0.7,1.2
4271,Roddery Munoz,682610,SI,62,95.3,-1.3,0.5
4272,Roddery Munoz,682610,SL,116,87.3,0.3,-0.4
4273,Rodolfo Duran,660710,CH,13,76.8,-1.2,1.3
4274,Rodolfo Duran,660710,CU,1,69.4,0.7,0.2
4275,Rodolfo Duran,660710,EP,9,46.5,-0.5,1.5
4276,Rodolfo Duran,660710,FF,22,72.4,-0.9,1.0
4277,Roki Sasaki,808963,FF,1182,97.4,-0.8,1.3
4278,Roki Sasaki,808963,FS,966,88.3,-0.4,-0.0
4279,Roki Sasaki,808963,SL,545,85.7,0.3,-0.2
4280,Rolddy Munoz,691548,CH,4,89.8,-1.4,0.4
4281,Rolddy Munoz,691548,FF,4,96.5,-1.1,0.6
4282,Rolddy Munoz,691548,SI,56,96.4,-1.4,0.6
4283,Rolddy Munoz,691548,SL,63,89.4,0.1,0.1
4284,Ron Marinaccio,676760,CH,319,81.9,-1.5,0.1
4285,Ron Marinaccio,676760,FC,247,86.6,0.2,0.5
4286,Ron Marinaccio,676760,FF,523,93.8,-1.2,1.1
4287,Ron Marinaccio,676760,ST,117,82.1,0.9,0.4
4288,Ronel Blanco,669854,CH,244,84.8,-1.1,0.5
4289,Ronel Blanco,669854,CU,244,80.1,0.8,-0.1
4290,Ronel Blanco,669854,FF,482,93.3,-0.6,1.6
4291,Ronel Blanco,669854,SL,363,85.8,0.2,0.5
4292,Ronny Henriquez,678692,CH,192,91.7,-1.4,0.3
4293,Ronny Henriquez,678692,FF,344,96.7,-0.5,1.5
4294,Ronny Henriquez,678692,SI,24,95.0,-1.5,0.8
4295,Ronny Henriquez,678692,SL,269,87.7,0.3,0.4
4296,Ronny Henriquez,678692,ST,329,85.4,1.1,0.1
4297,Rowdy Tellez,642133,EP,22,56.0,0.3,1.2
4298,Rowdy Tellez,642133,FF,1,75.6,1.1,0.8
4299,Ryan Bergert,686701,CH,99,87.6,-1.2,0.6
4300,Ryan Bergert,686701,CU,5,82.6,0.6,-0.9
4301,Ryan Bergert,686701,FF,558,93.4,-0.6,1.6
4302,Ryan Bergert,686701,SI,86,92.5,-1.2,1.2
4303,Ryan Bergert,686701,SL,327,87.4,0.3,0.3
4304,Ryan Bergert,686701,ST,237,82.6,1.2,-0.1
4305,Ryan Borucki,621366,FC,18,90.6,0.5,0.8
4306,Ryan Borucki,621366,FS,153,83.6,1.1,0.0
4307,Ryan Borucki,621366,SI,289,93.7,1.5,0.7
4308,Ryan Borucki,621366,SL,385,86.0,-0.1,0.2
4309,Ryan Borucki,621366,ST,129,81.0,-1.1,-0.1
4310,Ryan Brasier,518489,FC,52,89.2,0.2,0.9
4311,Ryan Brasier,518489,FF,143,94.0,-0.7,1.3
4312,Ryan Brasier,518489,SI,67,94.0,-1.3,0.9
4313,Ryan Brasier,518489,SL,142,85.3,0.4,0.2
4314,Ryan Burr,621114,FF,9,93.9,-0.1,1.4
4315,Ryan Burr,621114,SL,30,84.2,0.3,-0.3
4316,Ryan Feltner,663372,CH,460,85.0,-0.4,0.5
4317,Ryan Feltner,663372,CU,192,79.4,0.8,-0.7
4318,Ryan Feltner,663372,FF,769,94.4,-0.3,1.0
4319,Ryan Feltner,663372,SI,318,94.1,-1.0,0.7
4320,Ryan Feltner,663372,SL,548,88.9,0.4,0.5
4321,Ryan Feltner,663372,ST,220,82.2,1.1,-0.1
4322,Ryan Fernandez,681676,CH,88,87.2,-1.1,0.5
4323,Ryan Fernandez,681676,FC,54,91.6,0.2,0.9
4324,Ryan Fernandez,681676,FF,355,95.0,-0.6,1.5
4325,Ryan Fernandez,681676,SL,414,87.1,0.3,0.1
4326,Ryan Fitzgerald,680837,CU,2,48.0,-0.3,1.1
4327,Ryan Fitzgerald,680837,EP,11,38.6,-0.2,1.6
4328,Ryan Fitzgerald,680837,SL,11,61.8,-0.3,1.3
4329,Ryan Gusto,687473,CH,353,87.3,-1.2,0.4
4330,Ryan Gusto,687473,CU,386,79.8,0.7,-1.2
4331,Ryan Gusto,687473,FC,357,89.3,0.4,0.7
4332,Ryan Gusto,687473,FF,1157,94.3,-0.4,1.5
4333,Ryan Gusto,687473,SI,347,93.3,-1.3,0.6
4334,Ryan Gusto,687473,SL,177,85.2,0.4,-0.1
4335,Ryan Gusto,687473,ST,336,82.0,1.2,0.1
4336,Ryan Helsley,664854,CU,68,80.9,0.2,-1.0
4337,Ryan Helsley,664854,FC,23,91.5,0.3,0.4
4338,Ryan Helsley,664854,FF,568,99.2,-0.2,1.5
4339,Ryan Helsley,664854,FS,33,90.1,-1.0,0.8
4340,Ryan Helsley,664854,SL,560,88.7,0.3,0.0
4341,Ryan Johnson,696270,FC,744,89.9,0.2,0.7
4342,Ryan Johnson,696270,FF,5,94.2,-0.3,0.8
4343,Ryan Johnson,696270,FS,363,84.7,-1.1,0.1
4344,Ryan Johnson,696270,SI,346,92.7,-1.1,0.5
4345,Ryan Johnson,696270,ST,452,81.3,0.7,0.5
4346,Ryan Loutos,702795,CH,39,89.0,-1.2,-0.0
4347,Ryan Loutos,702795,FF,107,95.4,-1.0,1.0
4348,Ryan Loutos,702795,SI,12,94.0,-1.4,0.5
4349,Ryan Loutos,702795,SL,52,87.0,0.1,-0.4
4350,Ryan Loutos,702795,ST,21,87.6,0.5,-0.3
4351,Ryan Pepiot,686752,CH,675,86.8,-1.2,0.2
4352,Ryan Pepiot,686752,CU,89,80.8,1.4,-0.9
4353,Ryan Pepiot,686752,FC,189,91.5,0.2,1.1
4354,Ryan Pepiot,686752,FF,1216,95.2,-0.7,1.6
4355,Ryan Pepiot,686752,PO,1,95.1,-0.7,1.7
4356,Ryan Pepiot,686752,SI,66,94.9,-1.1,1.3
4357,Ryan Pepiot,686752,SL,463,89.0,0.6,0.7
4358,Ryan Pressly,519151,CH,37,88.7,-0.9,0.4
4359,Ryan Pressly,519151,CU,163,81.4,1.4,-1.0
4360,Ryan Pressly,519151,FF,243,93.4,0.0,1.3
4361,Ryan Pressly,519151,SI,78,93.4,-1.1,0.8
4362,Ryan Pressly,519151,SL,140,88.8,0.4,0.2
4363,Ryan Rolison,669020,CH,36,88.6,0.6,0.4
4364,Ryan Rolison,669020,CU,384,79.5,-0.7,-1.0
4365,Ryan Rolison,669020,FF,696,93.9,0.1,1.1
4366,Ryan Rolison,669020,SI,135,95.0,1.0,0.8
4367,Ryan Rolison,669020,SL,238,86.1,-0.4,-0.2
4368,Ryan Rolison,669020,ST,145,85.1,-1.1,-0.0
4369,Ryan Thompson,657044,FF,78,91.2,-0.8,0.5
4370,Ryan Thompson,657044,FS,2,81.2,-0.3,0.1
4371,Ryan Thompson,657044,SI,743,89.5,-1.0,-0.6
4372,Ryan Thompson,657044,SL,481,77.9,1.2,0.7
4373,Ryan Walker,676254,FF,23,94.0,-0.7,0.7
4374,Ryan Walker,676254,SI,1035,95.6,-1.4,0.3
4375,Ryan Walker,676254,SL,569,83.7,1.3,0.2
4376,Ryan Watson,670245,CU,197,83.3,1.0,-1.0
4377,Ryan Watson,670245,FC,278,90.0,0.1,0.6
4378,Ryan Watson,670245,FF,213,94.2,-0.6,1.3
4379,Ryan Watson,670245,FS,10,89.2,-0.9,0.4
4380,Ryan Watson,670245,SI,163,93.6,-1.3,0.7
4381,Ryan Watson,670245,SL,3,86.2,0.2,0.9
4382,Ryan Watson,670245,ST,265,85.0,1.0,0.4
4383,Ryan Weathers,677960,CH,766,86.1,1.0,0.1
4384,Ryan Weathers,677960,FF,793,96.2,0.9,1.3
4385,Ryan Weathers,677960,SI,496,94.1,1.5,0.7
4386,Ryan Weathers,677960,SL,293,87.1,-0.3,0.1
4387,Ryan Weathers,677960,ST,574,81.7,-1.1,0.0
4388,Ryan Weiss,680802,CH,79,89.1,-1.0,0.1
4389,Ryan Weiss,680802,CU,18,80.8,0.7,-0.9
4390,Ryan Weiss,680802,FF,196,95.2,-0.5,1.4
4391,Ryan Weiss,680802,SI,66,93.1,-1.2,0.9
4392,Ryan Weiss,680802,ST,171,83.8,1.3,-0.0
4393,Ryan Yarbrough,642232,CH,432,77.8,1.5,-0.0
4394,Ryan Yarbrough,642232,FC,539,84.1,0.1,0.7
4395,Ryan Yarbrough,642232,FF,297,87.7,1.2,1.0
4396,Ryan Yarbrough,642232,SI,358,87.0,1.4,0.5
4397,Ryan Yarbrough,642232,ST,403,71.7,-1.1,0.6
4398,Ryan Zeferjahn,666171,CU,7,83.3,0.9,-0.6
4399,Ryan Zeferjahn,666171,FC,245,90.6,0.4,0.4
4400,Ryan Zeferjahn,666171,FF,743,97.4,-0.3,1.3
4401,Ryan Zeferjahn,666171,SI,199,96.4,-1.2,0.7
4402,Ryan Zeferjahn,666171,SL,323,88.0,0.6,-0.1
4403,Ryan Zeferjahn,666171,ST,772,84.9,1.3,0.3
4404,Ryan Zeferjahn,666171,UN,1,54.8,-0.1,1.3
4405,Ryne Nelson,669194,CH,70,87.0,-1.1,1.1
4406,Ryne Nelson,669194,CU,391,80.3,0.7,-0.7
4407,Ryne Nelson,669194,FC,438,91.3,0.2,0.7
4408,Ryne Nelson,669194,FF,2287,95.9,-0.3,1.6
4409,Ryne Nelson,669194,SI,48,95.3,-0.7,1.5
4410,Ryne Nelson,669194,SL,572,87.4,0.4,0.2
4411,Ryne Stanek,592773,FF,1147,98.3,-0.7,1.5
4412,Ryne Stanek,592773,FS,292,89.7,-0.9,0.4
4413,Ryne Stanek,592773,SI,96,96.9,-1.3,0.9
4414,Ryne Stanek,592773,SL,471,88.6,0.3,0.0
4415,Ryne Stanek,592773,ST,104,84.8,0.9,0.0
4416,Sam Bachman,696147,CH,141,91.5,-1.3,-0.1
4417,Sam Bachman,696147,FF,25,98.4,-1.0,1.1
4418,Sam Bachman,696147,PO,1,90.2,-1.4,0.9
4419,Sam Bachman,696147,SI,370,98.1,-1.4,0.7
4420,Sam Bachman,696147,SL,602,88.2,0.2,-0.1
4421,Sam Haggerty,664059,CU,6,34.6,0.1,1.3
4422,Sam Hentges,656529,CU,112,80.5,-0.5,-0.9
4423,Sam Hentges,656529,FF,214,94.4,0.5,1.3
4424,Sam Hentges,656529,SI,171,94.0,1.1,1.0
4425,Sam Hentges,656529,SL,147,87.8,-0.2,0.4
4426,Sam Long,669674,CU,146,76.9,-0.4,-1.1
4427,Sam Long,669674,FF,270,93.2,0.6,1.4
4428,Sam Long,669674,FS,79,86.7,0.9,0.4
4429,Sam Long,669674,SI,86,92.8,1.2,0.7
4430,Sam Long,669674,SL,202,84.9,-0.2,0.2
4431,Sam Long,669674,ST,3,82.9,-1.4,0.0
4432,Sam Moll,594580,CH,205,84.8,1.0,-0.6
4433,Sam Moll,594580,FF,194,92.4,0.9,0.9
4434,Sam Moll,594580,SI,471,91.5,1.3,-0.1
4435,Sam Moll,594580,ST,535,81.2,-1.2,-0.1
4436,Sammy Peralta,671111,CH,71,83.8,1.4,-0.0
4437,Sammy Peralta,671111,FF,61,88.6,0.8,0.7
4438,Sammy Peralta,671111,SI,140,88.9,1.3,0.3
4439,Sammy Peralta,671111,SL,145,80.7,-0.5,0.5
4440,Sammy Peralta,671111,ST,60,79.7,-1.1,0.4
4441,Samuel Aldegheri,691951,CH,260,80.8,1.1,0.8
4442,Samuel Aldegheri,691951,CU,81,75.0,-1.0,-0.7
4443,Samuel Aldegheri,691951,FC,60,86.5,-0.1,0.5
4444,Samuel Aldegheri,691951,FF,431,91.9,0.4,1.3
4445,Samuel Aldegheri,691951,SL,81,82.1,-0.3,-0.3
4446,Samy Natera Jr.,696519,FF,463,94.9,0.4,1.6
4447,Samy Natera Jr.,696519,FS,5,88.6,0.8,0.8
4448,Samy Natera Jr.,696519,SL,112,85.4,-0.6,0.6
4449,Sandy Alcantara,645261,CH,1334,90.6,-1.4,0.3
4450,Sandy Alcantara,645261,CU,661,84.8,0.3,-0.1
4451,Sandy Alcantara,645261,FC,487,90.0,0.1,0.5
4452,Sandy Alcantara,645261,FF,1212,97.5,-1.1,1.1
4453,Sandy Alcantara,645261,SI,1491,97.2,-1.4,0.7
4454,Sandy Alcantara,645261,SL,688,87.9,0.2,0.4
4455,Sandy Alcantara,645261,ST,289,84.1,1.0,0.1
4456,Sauryn Lao,666659,CH,13,86.9,-1.3,0.6
4457,Sauryn Lao,666659,FF,53,92.6,-0.5,1.0
4458,Sauryn Lao,666659,SI,30,93.2,-1.2,0.6
4459,Sauryn Lao,666659,SL,89,86.9,0.2,0.6
4460,Sawyer Gipson-Long,687830,CH,98,84.2,-1.1,0.1
4461,Sawyer Gipson-Long,687830,FC,49,87.7,0.2,0.7
4462,Sawyer Gipson-Long,687830,FF,131,92.8,-0.9,1.2
4463,Sawyer Gipson-Long,687830,SI,85,91.1,-1.3,0.4
4464,Sawyer Gipson-Long,687830,SL,100,82.4,0.6,-0.1
4465,Scott Alexander,518397,CH,44,83.5,0.7,0.3
4466,Scott Alexander,518397,SI,204,91.3,1.1,0.3
4467,Scott Alexander,518397,SL,65,83.2,-0.3,-0.2
4468,Scott Barlow,605130,CU,408,77.3,1.3,-0.6
4469,Scott Barlow,605130,FF,341,91.5,-0.3,1.0
4470,Scott Barlow,605130,PO,1,91.6,-0.5,1.1
4471,Scott Barlow,605130,SI,271,91.6,-1.1,0.7
4472,Scott Barlow,605130,SL,274,84.1,0.6,0.1
4473,Scott Barlow,605130,ST,560,80.6,1.0,0.6
4474,Scott Blewett,656240,FC,175,89.4,0.3,0.5
4475,Scott Blewett,656240,FF,383,94.1,-0.5,1.2
4476,Scott Blewett,656240,FS,171,85.4,-0.6,0.2
4477,Scott Blewett,656240,SI,60,94.5,-1.1,1.0
4478,Scott Blewett,656240,SL,449,84.3,0.2,-0.1
4479,Scott Effross,664123,CH,19,82.0,-1.2,-0.6
4480,Scott Effross,664123,FF,7,89.3,-1.6,0.0
4481,Scott Effross,664123,SI,78,89.2,-1.5,-0.3
4482,Scott Effross,664123,ST,52,78.8,0.7,0.2
4483,Scott Kingery,664068,CU,2,37.7,-0.4,1.8
4484,Scott Kingery,664068,SL,34,38.8,0.3,2.0
4485,Scott McGough,543518,FF,116,92.3,-0.6,1.5
4486,Scott McGough,543518,FS,99,84.8,-0.8,0.5
4487,Scott McGough,543518,SI,12,92.2,-1.0,1.3
4488,Scott McGough,543518,SL,70,86.4,0.4,0.2
4489,Sean Burke,680732,CH,206,85.8,-1.2,0.8
4490,Sean Burke,680732,CU,1125,79.4,0.5,-1.2
4491,Sean Burke,680732,FC,259,90.0,0.3,0.8
4492,Sean Burke,680732,FF,2048,94.6,-0.4,1.5
4493,Sean Burke,680732,SI,511,94.5,-1.1,1.2
4494,Sean Burke,680732,SL,1016,86.6,0.5,0.4
4495,Sean Guenther,674944,FF,4,90.3,0.5,1.0
4496,Sean Guenther,674944,FS,34,83.1,1.2,0.2
4497,Sean Guenther,674944,SI,63,89.9,1.1,0.5
4498,Sean Guenther,674944,SL,53,78.7,-1.3,-0.3
4499,Sean Hjelle,663546,CU,91,85.8,0.3,-0.2
4500,Sean Hjelle,663546,FC,36,89.6,-0.1,0.5
4501,Sean Hjelle,663546,SI,127,93.6,-1.2,0.4
4502,Sean Manaea,640455,CH,159,84.2,1.2,0.2
4503,Sean Manaea,640455,FC,189,84.5,-0.2,0.6
4504,Sean Manaea,640455,FF,1590,91.5,1.1,0.9
4505,Sean Manaea,640455,SI,453,90.4,1.5,0.4
4506,Sean Manaea,640455,ST,1097,76.4,-1.1,0.2
4507,Sean Newcomb,656794,CH,149,85.7,1.0,0.3
4508,Sean Newcomb,656794,CU,140,79.8,-1.1,-1.2
4509,Sean Newcomb,656794,FC,229,89.5,-0.0,0.8
4510,Sean Newcomb,656794,FF,1025,94.1,0.9,1.2
4511,Sean Newcomb,656794,SI,629,93.0,1.4,0.4
4512,Sean Newcomb,656794,SV,782,82.4,-1.4,-0.4
4513,Sean Reynolds,669308,CH,28,88.0,-1.2,0.5
4514,Sean Reynolds,669308,FF,256,96.0,-0.8,1.4
4515,Sean Reynolds,669308,SL,158,87.1,0.5,0.0
4516,Sean Reynolds,669308,ST,52,82.8,1.4,0.1
4517,Sean Sullivan,807743,CH,65,77.1,0.8,0.8
4518,Sean Sullivan,807743,FC,63,82.8,-0.2,0.5
4519,Sean Sullivan,807743,FF,188,87.6,0.9,1.1
4520,Sean Sullivan,807743,SI,24,86.6,1.0,0.8
4521,Sean Sullivan,807743,ST,72,75.4,-1.0,-0.3
4522,Seranthony Dominguez,622554,CU,69,83.6,0.6,-0.9
4523,Seranthony Dominguez,622554,FF,937,97.4,-0.4,1.2
4524,Seranthony Dominguez,622554,FS,309,86.6,-0.7,0.2
4525,Seranthony Dominguez,622554,PO,2,94.8,-0.3,1.2
4526,Seranthony Dominguez,622554,SI,320,97.7,-1.2,0.8
4527,Seranthony Dominguez,622554,ST,543,85.7,0.9,0.4
4528,Seth Halvorsen,678020,FF,659,99.5,-0.8,1.1
4529,Seth Halvorsen,678020,FS,212,90.5,-1.0,0.3
4530,Seth Halvorsen,678020,SI,10,98.0,-1.2,0.9
4531,Seth Halvorsen,678020,SL,277,87.9,0.4,-0.1
4532,Seth Johnson,686751,CU,46,80.9,1.1,-0.7
4533,Seth Johnson,686751,FF,367,97.6,-0.7,1.4
4534,Seth Johnson,686751,FS,20,88.8,-0.8,0.5
4535,Seth Johnson,686751,SI,55,95.6,-1.2,0.8
4536,Seth Johnson,686751,SL,261,88.2,0.4,0.2
4537,Seth Johnson,686751,ST,20,84.7,1.1,0.6
4538,Seth Lonsway,675920,CH,7,83.9,1.3,-0.0
4539,Seth Lonsway,675920,FC,2,87.6,0.3,0.4
4540,Seth Lonsway,675920,FF,3,90.8,0.7,0.5
4541,Seth Lonsway,675920,SI,16,91.6,1.3,0.3
4542,Seth Lonsway,675920,SL,5,82.6,-1.1,-0.3
4543,Seth Lugo,607625,CH,479,85.6,-1.3,0.3
4544,Seth Lugo,607625,CS,182,70.5,1.3,-0.3
4545,Seth Lugo,607625,CU,849,78.1,1.3,-1.1
4546,Seth Lugo,607625,FC,775,89.6,0.0,1.0
4547,Seth Lugo,607625,FF,952,91.7,-0.7,1.3
4548,Seth Lugo,607625,FS,11,84.8,-0.8,0.3
4549,Seth Lugo,607625,SI,891,91.3,-1.3,0.7
4550,Seth Lugo,607625,SL,410,83.9,0.4,0.2
4551,Seth Lugo,607625,ST,344,79.3,1.4,0.0
4552,Seth Lugo,607625,SV,273,78.7,1.4,-0.4
4553,Seth Martinez,661527,CH,15,82.6,-0.9,0.2
4554,Seth Martinez,661527,FC,20,84.8,0.3,0.6
4555,Seth Martinez,661527,FF,36,90.2,-0.9,0.9
4556,Seth Martinez,661527,SI,18,88.9,-1.1,-0.0
4557,Seth Martinez,661527,ST,53,77.7,1.4,0.8
4558,Shane Baz,669358,CH,579,88.5,-1.3,0.7
4559,Shane Baz,669358,CU,1691,85.1,0.5,-0.9
4560,Shane Baz,669358,FC,835,89.9,0.2,0.6
4561,Shane Baz,669358,FF,2184,96.4,-0.8,1.4
4562,Shane Baz,669358,SI,258,95.3,-1.2,1.0
4563,Shane Baz,669358,SL,82,86.7,0.3,0.0
4564,Shane Bieber,669456,CH,253,88.5,-1.1,0.0
4565,Shane Bieber,669456,CU,292,82.6,0.5,-1.0
4566,Shane Bieber,669456,FC,200,87.4,0.1,0.6
4567,Shane Bieber,669456,FF,577,92.4,-0.9,1.5
4568,Shane Bieber,669456,SI,35,92.1,-1.3,1.0
4569,Shane Bieber,669456,SL,218,85.3,0.1,-0.1
4570,Shane Drohan,675660,CH,98,86.2,1.0,0.3
4571,Shane Drohan,675660,CU,250,80.6,-0.8,-0.7
4572,Shane Drohan,675660,FC,239,90.9,0.1,0.9
4573,Shane Drohan,675660,FF,524,94.9,1.0,1.2
4574,Shane Drohan,675660,SI,407,94.8,1.4,0.7
4575,Shane Drohan,675660,SL,415,86.5,-0.3,-0.0
4576,Shane McClanahan,663556,CH,516,86.9,1.3,0.3
4577,Shane McClanahan,663556,CU,273,82.2,-0.3,-0.8
4578,Shane McClanahan,663556,FF,704,95.6,0.8,1.3
4579,Shane McClanahan,663556,SL,337,88.2,-0.3,0.2
4580,Shane Smith,681343,CH,447,90.0,-1.2,0.1
4581,Shane Smith,681343,CU,406,82.1,0.5,-1.0
4582,Shane Smith,681343,FF,1170,95.6,-0.6,1.2
4583,Shane Smith,681343,SI,325,95.7,-1.3,0.8
4584,Shane Smith,681343,SL,293,89.6,0.2,0.3
4585,Shane Smith,681343,ST,3,88.1,1.0,0.7
4586,Shaun Anderson,641312,CH,138,86.3,-1.1,0.4
4587,Shaun Anderson,641312,FF,153,92.7,-0.2,1.3
4588,Shaun Anderson,641312,SI,37,93.5,-0.8,1.1
4589,Shaun Anderson,641312,SL,158,88.8,0.5,0.4
4590,Shaun Anderson,641312,ST,81,82.1,1.4,-0.1
4591,Shawn Armstrong,542888,FC,416,90.5,0.3,0.7
4592,Shawn Armstrong,542888,FF,514,93.5,-0.5,1.3
4593,Shawn Armstrong,542888,SI,359,94.0,-1.3,0.9
4594,Shawn Armstrong,542888,ST,424,84.9,1.0,0.8
4595,Shawn Armstrong,542888,SV,1,84.6,1.0,-0.3
4596,Shawn Dubin,681869,CH,80,87.7,-1.2,-0.2
4597,Shawn Dubin,681869,CU,80,81.7,0.9,-1.2
4598,Shawn Dubin,681869,FC,19,88.9,0.3,0.7
4599,Shawn Dubin,681869,FF,187,94.3,-0.9,1.2
4600,Shawn Dubin,681869,SI,89,93.9,-1.4,0.7
4601,Shawn Dubin,681869,ST,96,83.3,1.4,0.0
4602,Shelby Miller,571946,FF,438,95.1,-0.9,1.5
4603,Shelby Miller,571946,FS,203,86.9,-1.2,0.4
4604,Shelby Miller,571946,SL,5,90.9,0.1,0.9
4605,Shelby Miller,571946,ST,59,83.5,1.2,0.2
4606,Shinnosuke Ogasawara,829272,CH,149,80.6,1.2,0.7
4607,Shinnosuke Ogasawara,829272,CU,129,72.3,-0.6,-1.7
4608,Shinnosuke Ogasawara,829272,FF,259,91.1,0.6,1.4
4609,Shinnosuke Ogasawara,829272,SI,9,90.0,1.2,1.1
4610,Shinnosuke Ogasawara,829272,SL,125,81.6,-0.2,0.3
4611,Shinnosuke Ogasawara,829272,ST,3,76.5,-1.1,-0.9
4612,Shohei Ohtani,660271,CU,196,76.3,1.1,-1.2
4613,Shohei Ohtani,660271,FC,55,93.7,0.1,0.7
4614,Shohei Ohtani,660271,FF,895,98.2,-0.4,1.2
4615,Shohei Ohtani,660271,FS,149,89.3,-1.1,0.2
4616,Shohei Ohtani,660271,SI,122,96.4,-1.2,0.5
4617,Shohei Ohtani,660271,SL,107,88.2,0.3,-0.0
4618,Shohei Ohtani,660271,ST,564,85.0,1.2,0.3
4619,Shota Imanaga,684007,CU,115,73.6,-0.8,-1.1
4620,Shota Imanaga,684007,FF,2187,91.2,1.0,1.5
4621,Shota Imanaga,684007,FS,1649,82.8,1.0,0.5
4622,Shota Imanaga,684007,SI,192,89.9,1.3,0.8
4623,Shota Imanaga,684007,SL,49,85.7,-0.2,0.6
4624,Shota Imanaga,684007,ST,782,80.8,-1.1,0.1
4625,Simeon Woods Richardson,680573,CH,80,83.2,-1.3,0.9
4626,Simeon Woods Richardson,680573,CU,357,77.6,0.5,-1.1
4627,Simeon Woods Richardson,680573,FF,1360,93.0,-0.5,1.5
4628,Simeon Woods Richardson,680573,FS,480,86.5,-0.9,0.6
4629,Simeon Woods Richardson,680573,SI,1,91.7,-0.9,1.5
4630,Simeon Woods Richardson,680573,SL,761,85.6,0.4,0.5
4631,Slade Cecconi,677944,CH,195,84.1,-1.1,0.3
4632,Slade Cecconi,677944,CU,638,75.8,0.8,-1.1
4633,Slade Cecconi,677944,FC,562,88.6,0.1,0.6
4634,Slade Cecconi,677944,FF,1449,94.1,-0.9,1.3
4635,Slade Cecconi,677944,SI,615,93.6,-1.4,0.7
4636,Slade Cecconi,677944,SL,499,84.3,0.4,-0.0
4637,Slade Cecconi,677944,ST,102,82.6,0.9,0.0
4638,Sonny Gray,543243,CH,363,86.2,-1.1,0.5
4639,Sonny Gray,543243,CS,1,72.5,0.9,-1.3
4640,Sonny Gray,543243,CU,884,80.0,1.1,-1.2
4641,Sonny Gray,543243,FC,798,88.1,0.4,0.3
4642,Sonny Gray,543243,FF,1024,91.7,0.1,0.9
4643,Sonny Gray,543243,PO,1,89.0,0.1,0.8
4644,Sonny Gray,543243,SI,990,92.2,-0.9,0.6
4645,Sonny Gray,543243,SL,44,84.4,0.4,-0.1
4646,Sonny Gray,543243,ST,1011,85.0,1.2,-0.4
4647,Spencer Arrighetti,681293,CH,211,84.4,-1.2,0.4
4648,Spencer Arrighetti,681293,CU,802,76.7,1.4,-0.6
4649,Spencer Arrighetti,681293,FC,219,87.5,0.2,0.8
4650,Spencer Arrighetti,681293,FF,746,92.6,-1.0,1.2
4651,Spencer Arrighetti,681293,SI,255,92.2,-1.4,0.8
4652,Spencer Arrighetti,681293,ST,327,79.8,1.3,0.2
4653,Spencer Bivens,702352,CH,210,88.4,-0.9,0.2
4654,Spencer Bivens,702352,FC,347,90.9,0.1,0.8
4655,Spencer Bivens,702352,FF,109,94.9,-0.6,1.2
4656,Spencer Bivens,702352,SI,541,94.8,-1.3,0.5
4657,Spencer Bivens,702352,SL,3,87.3,0.5,0.5
4658,Spencer Bivens,702352,ST,143,82.8,1.1,0.3
4659,Spencer Bivens,702352,SV,68,79.9,0.5,-0.4
4660,Spencer Miles,693686,CH,2,86.5,-1.2,0.5
4661,Spencer Miles,693686,CU,358,80.8,1.1,-0.9
4662,Spencer Miles,693686,FF,212,96.0,-0.7,1.2
4663,Spencer Miles,693686,PO,1,94.3,-0.7,1.3
4664,Spencer Miles,693686,SI,662,96.3,-1.4,0.6
4665,Spencer Miles,693686,SL,240,87.3,0.3,-0.1
4666,Spencer Schwellenbach,680885,CU,180,81.0,0.7,-0.6
4667,Spencer Schwellenbach,680885,FC,177,94.1,0.0,0.9
4668,Spencer Schwellenbach,680885,FF,556,97.1,-0.5,1.2
4669,Spencer Schwellenbach,680885,FS,218,84.7,-0.8,0.0
4670,Spencer Schwellenbach,680885,SI,157,95.6,-1.3,0.6
4671,Spencer Schwellenbach,680885,SL,285,87.0,0.2,-0.2
4672,Spencer Strider,675911,CH,168,85.7,-1.2,0.6
4673,Spencer Strider,675911,CU,288,78.3,0.7,-0.6
4674,Spencer Strider,675911,FF,1410,95.4,-0.7,1.4
4675,Spencer Strider,675911,SL,935,84.1,0.4,0.3
4676,Spencer Turnbull,605513,CH,16,86.7,-1.5,-0.0
4677,Spencer Turnbull,605513,CU,19,78.1,1.1,-1.2
4678,Spencer Turnbull,605513,FF,47,90.9,-0.0,0.9
4679,Spencer Turnbull,605513,SI,6,92.8,-1.2,0.5
4680,Spencer Turnbull,605513,SL,9,83.9,0.5,0.1
4681,Spencer Turnbull,605513,ST,28,83.3,1.1,0.4
4682,Stephen Kolek,663568,CH,297,87.3,-1.1,0.0
4683,Stephen Kolek,663568,CU,1,78.6,0.9,-0.9
4684,Stephen Kolek,663568,FC,358,90.4,0.0,0.6
4685,Stephen Kolek,663568,FF,670,94.1,-0.6,1.1
4686,Stephen Kolek,663568,SI,590,93.6,-1.3,0.4
4687,Stephen Kolek,663568,SL,416,85.4,0.2,-0.0
4688,Stephen Kolek,663568,ST,194,81.5,1.2,-0.2
4689,Steven Cruz,674444,FC,442,93.7,0.0,0.7
4690,Steven Cruz,674444,FF,831,98.4,-0.9,1.2
4691,Steven Cruz,674444,SL,284,89.3,0.4,0.3
4692,Steven Matz,571927,CH,587,83.3,1.3,0.0
4693,Steven Matz,571927,CU,411,79.2,-0.9,-0.9
4694,Steven Matz,571927,PO,1,92.7,1.1,1.1
4695,Steven Matz,571927,SI,1317,94.0,1.3,0.9
4696,Steven Matz,571927,SL,133,83.2,-0.7,-0.1
4697,Steven Okert,595345,CH,1,85.9,0.2,0.8
4698,Steven Okert,595345,FC,9,91.4,0.1,1.2
4699,Steven Okert,595345,FF,724,91.6,0.6,1.4
4700,Steven Okert,595345,PO,1,88.9,0.5,1.4
4701,Steven Okert,595345,SI,57,90.4,1.2,0.8
4702,Steven Okert,595345,SL,1310,80.9,-0.7,0.6
4703,Steven Wilson,621051,CH,70,84.9,-1.1,0.5
4704,Steven Wilson,621051,FC,10,90.7,0.5,1.1
4705,Steven Wilson,621051,FF,326,93.8,-0.5,1.6
4706,Steven Wilson,621051,ST,568,82.1,1.3,-0.0
4707,T.J. McFarland,519008,CH,29,80.9,1.3,-0.1
4708,T.J. McFarland,519008,FF,3,87.3,1.1,0.5
4709,T.J. McFarland,519008,SI,139,87.9,1.5,-0.1
4710,T.J. McFarland,519008,ST,101,78.1,-1.3,-0.1
4711,TJ Shook,669298,CH,28,86.2,-1.1,0.2
4712,TJ Shook,669298,FC,16,89.0,0.1,0.8
4713,TJ Shook,669298,FF,59,92.5,-0.8,1.1
4714,TJ Shook,669298,ST,31,81.6,1.1,0.1
4715,Taijuan Walker,592836,CU,187,74.8,0.5,-0.8
4716,Taijuan Walker,592836,FC,714,87.0,0.3,1.0
4717,Taijuan Walker,592836,FF,237,92.2,-0.7,1.4
4718,Taijuan Walker,592836,FS,561,87.3,-1.0,0.3
4719,Taijuan Walker,592836,SI,513,92.0,-1.2,1.0
4720,Taijuan Walker,592836,SL,273,83.1,0.6,0.4
4721,Taj Bradley,671737,CU,612,82.2,0.3,-1.1
4722,Taj Bradley,671737,FC,1254,89.7,0.4,0.4
4723,Taj Bradley,671737,FF,2462,96.8,-0.5,1.5
4724,Taj Bradley,671737,FS,918,91.4,-1.0,0.6
4725,Taj Bradley,671737,SI,23,92.4,-1.0,0.6
4726,Tanner Andrews,681084,FF,16,95.0,-0.6,1.3
4727,Tanner Andrews,681084,FS,18,85.7,-1.0,0.2
4728,Tanner Andrews,681084,SL,9,86.0,-0.0,0.2
4729,Tanner Banks,621383,CH,103,83.1,0.9,0.3
4730,Tanner Banks,621383,FF,356,92.4,0.2,1.2
4731,Tanner Banks,621383,SI,234,91.8,1.1,0.8
4732,Tanner Banks,621383,SL,610,87.1,-0.4,0.4
4733,Tanner Banks,621383,ST,404,81.9,-1.1,0.2
4734,Tanner Bibee,676440,CH,884,81.3,-1.0,1.0
4735,Tanner Bibee,676440,CU,479,78.6,1.1,-0.7
4736,Tanner Bibee,676440,FC,1321,86.0,0.6,0.2
4737,Tanner Bibee,676440,FF,1493,94.2,-0.4,1.3
4738,Tanner Bibee,676440,SI,1056,93.6,-1.2,0.8
4739,Tanner Bibee,676440,ST,610,82.8,1.3,-0.1
4740,Tanner Gordon,685299,CH,617,84.0,-1.1,0.7
4741,Tanner Gordon,685299,CU,165,81.4,0.1,-0.2
4742,Tanner Gordon,685299,FF,1332,92.5,-0.9,1.2
4743,Tanner Gordon,685299,SI,53,92.1,-0.9,1.2
4744,Tanner Gordon,685299,SL,673,85.7,0.1,0.3
4745,Tanner Houck,656557,FF,44,95.0,-1.0,0.8
4746,Tanner Houck,656557,FS,142,89.4,-1.1,-0.3
4747,Tanner Houck,656557,SI,298,94.5,-1.4,0.0
4748,Tanner Houck,656557,ST,265,83.5,1.2,-0.2
4749,Tanner McDougal,701780,CH,1,91.4,-1.2,0.6
4750,Tanner McDougal,701780,CU,2,82.0,0.8,-1.4
4751,Tanner McDougal,701780,FF,20,98.1,-0.8,1.2
4752,Tanner McDougal,701780,SL,2,86.1,0.2,-0.4
4753,Tanner Rainey,663432,CH,1,87.6,-0.7,0.6
4754,Tanner Rainey,663432,CU,15,84.0,0.3,-0.4
4755,Tanner Rainey,663432,FF,168,95.8,-0.7,1.5
4756,Tanner Rainey,663432,SL,144,87.0,0.3,0.1
4757,Tanner Scott,656945,CH,1,93.7,1.0,0.5
4758,Tanner Scott,656945,FF,932,96.7,0.5,1.4
4759,Tanner Scott,656945,SL,911,89.1,-0.5,0.1
4760,Tarik Skubal,669373,CH,1481,87.9,1.2,0.5
4761,Tarik Skubal,669373,CU,193,80.7,-0.6,-0.4
4762,Tarik Skubal,669373,FF,1698,97.2,0.3,1.4
4763,Tarik Skubal,669373,SI,1082,97.1,1.1,1.1
4764,Tarik Skubal,669373,SL,676,89.9,-0.3,0.4
4765,Tatsuya Imai,837227,CH,49,86.5,-1.2,0.6
4766,Tatsuya Imai,837227,CU,6,77.6,0.7,-0.7
4767,Tatsuya Imai,837227,FF,636,94.8,-1.1,0.9
4768,Tatsuya Imai,837227,FS,27,84.4,-1.1,0.3
4769,Tatsuya Imai,837227,SI,62,94.5,-1.5,0.5
4770,Tatsuya Imai,837227,SL,661,86.6,-0.3,0.1
4771,Tayler Saucedo,642048,CH,76,85.6,1.5,0.4
4772,Tayler Saucedo,642048,FF,60,92.3,0.8,1.2
4773,Tayler Saucedo,642048,SI,171,91.4,1.4,0.4
4774,Tayler Saucedo,642048,SL,118,86.0,-0.2,0.3
4775,Tayler Saucedo,642048,ST,134,81.7,-0.8,0.4
4776,Tayler Scott,605463,FF,256,92.0,-1.2,0.9
4777,Tayler Scott,605463,FS,155,83.9,-0.7,-0.4
4778,Tayler Scott,605463,SI,15,91.7,-1.6,0.3
4779,Tayler Scott,605463,SL,106,83.8,0.8,-0.0
4780,Tayler Scott,605463,ST,4,84.2,0.6,-0.1
4781,Taylor Clarke,664199,CH,455,89.9,-1.2,0.1
4782,Taylor Clarke,664199,FC,185,94.3,-0.3,1.0
4783,Taylor Clarke,664199,FF,212,94.8,-0.6,1.4
4784,Taylor Clarke,664199,PO,1,92.9,-0.5,1.6
4785,Taylor Clarke,664199,SI,378,95.1,-1.2,0.9
4786,Taylor Clarke,664199,SL,644,88.0,0.4,0.3
4787,Taylor Clarke,664199,ST,1,84.7,0.4,0.0
4788,Taylor Rashi,688497,CU,40,75.5,0.2,-0.9
4789,Taylor Rashi,688497,FF,215,90.0,0.2,1.4
4790,Taylor Rashi,688497,FS,93,84.8,-0.9,0.6
4791,Taylor Rashi,688497,SL,58,83.8,0.5,0.2
4792,Taylor Rashi,688497,SV,1,75.0,0.3,-1.0
4793,Taylor Rogers,573124,FC,152,88.0,-0.0,0.4
4794,Taylor Rogers,573124,FF,1,93.9,0.9,1.5
4795,Taylor Rogers,573124,SI,818,92.4,1.4,0.7
4796,Taylor Rogers,573124,ST,977,78.0,-1.4,0.0
4797,Tejay Antone,622088,CU,105,81.6,1.1,-0.9
4798,Tejay Antone,622088,FC,150,90.1,0.1,0.6
4799,Tejay Antone,622088,FF,45,95.1,-0.6,1.1
4800,Tejay Antone,622088,PO,1,93.1,-0.5,0.6
4801,Tejay Antone,622088,SI,100,93.9,-1.1,0.2
4802,Tejay Antone,622088,SL,12,88.4,0.5,0.3
4803,Tejay Antone,622088,ST,469,83.8,1.2,0.3
4804,Thomas Harrington,802419,FC,21,85.5,0.3,0.7
4805,Thomas Harrington,802419,FF,94,92.0,-0.9,1.2
4806,Thomas Harrington,802419,FS,47,83.3,-0.8,0.2
4807,Thomas Harrington,802419,ST,38,81.1,1.2,0.4
4808,Thomas Hatch,641672,CH,102,88.6,-1.2,0.6
4809,Thomas Hatch,641672,FC,161,90.1,0.2,0.9
4810,Thomas Hatch,641672,FF,69,93.3,-0.5,1.4
4811,Thomas Hatch,641672,SI,102,93.3,-1.2,0.8
4812,Thomas Hatch,641672,SL,112,85.4,0.4,0.2
4813,Thomas Hatch,641672,ST,39,82.2,0.9,0.5
4814,Thomas Pannone,623381,CH,6,86.0,1.2,0.5
4815,Thomas Pannone,623381,CU,7,75.4,-0.9,-0.8
4816,Thomas Pannone,623381,FC,25,88.0,-0.0,1.0
4817,Thomas Pannone,623381,FF,4,90.5,0.7,1.3
4818,Thomas Pannone,623381,SI,10,89.7,1.1,1.0
4819,Thomas Pannone,623381,ST,4,79.8,-1.0,0.5
4820,Tim Herrin,682120,CH,6,88.8,0.4,0.3
4821,Tim Herrin,682120,CU,576,80.8,-0.9,-0.3
4822,Tim Herrin,682120,FF,388,94.7,0.6,1.0
4823,Tim Herrin,682120,SI,352,93.6,1.3,0.4
4824,Tim Herrin,682120,SL,372,87.2,-0.0,0.2
4825,Tim Hill,657612,FF,172,89.7,1.5,0.2
4826,Tim Hill,657612,SI,1397,88.4,1.3,-0.5
4827,Tim Hill,657612,SL,127,78.6,-0.3,0.6
4828,Tim Mayza,641835,FF,121,94.5,0.7,1.1
4829,Tim Mayza,641835,FS,19,91.2,1.2,0.6
4830,Tim Mayza,641835,SI,803,94.1,1.3,0.8
4831,Tim Mayza,641835,SL,404,87.3,-0.1,-0.0
4832,Tobias Myers,668964,CH,12,80.1,-0.9,1.1
4833,Tobias Myers,668964,CU,16,75.5,0.2,-0.8
4834,Tobias Myers,668964,FC,274,87.1,0.4,1.0
4835,Tobias Myers,668964,FF,752,93.0,-0.4,1.6
4836,Tobias Myers,668964,FS,337,81.3,-0.8,0.8
4837,Tobias Myers,668964,SL,253,83.4,0.4,0.1
4838,Tobias Myers,668964,ST,4,79.3,1.2,-0.2
4839,Tom Cosgrove,676680,FF,91,88.6,0.4,0.9
4840,Tom Cosgrove,676680,SI,36,87.7,1.0,0.6
4841,Tom Cosgrove,676680,ST,205,73.7,-1.5,0.2
4842,Tomas Nido,621512,CU,2,46.2,0.1,1.2
4843,Tomas Nido,621512,SL,7,56.4,-0.1,1.3
4844,Tommy Henry,674072,CH,25,81.9,1.0,0.3
4845,Tommy Henry,674072,CU,30,77.7,-0.8,-0.9
4846,Tommy Henry,674072,FF,27,89.0,0.5,1.4
4847,Tommy Henry,674072,SI,2,87.2,0.9,1.2
4848,Tommy Henry,674072,SL,23,85.1,-0.2,0.6
4849,Tommy Kahnle,592454,CH,992,86.8,-1.0,0.1
4850,Tommy Kahnle,592454,FF,195,93.6,-0.5,1.4
4851,Tommy Kahnle,592454,SI,1,90.6,-1.1,1.3
4852,Tommy Kahnle,592454,SL,15,85.1,0.5,0.3
4853,Tommy Nance,667297,CU,418,84.8,1.0,-1.2
4854,Tommy Nance,667297,FF,1,94.3,-1.0,1.1
4855,Tommy Nance,667297,SI,395,94.5,-1.3,0.8
4856,Tommy Nance,667297,SL,617,89.0,0.0,0.1
4857,Tomoyuki Sugano,608372,CU,443,78.9,0.7,-0.9
4858,Tomoyuki Sugano,608372,FC,581,88.5,0.1,0.5
4859,Tomoyuki Sugano,608372,FF,1003,92.7,-0.5,1.3
4860,Tomoyuki Sugano,608372,FS,1112,87.1,-0.9,0.5
4861,Tomoyuki Sugano,608372,SI,862,92.7,-1.1,0.9
4862,Tomoyuki Sugano,608372,SL,248,85.3,0.3,-0.0
4863,Tomoyuki Sugano,608372,ST,748,83.6,0.9,0.2
4864,Tony Gonsolin,664062,CU,105,81.7,0.6,-1.0
4865,Tony Gonsolin,664062,FF,282,93.3,-0.8,1.4
4866,Tony Gonsolin,664062,FS,179,84.0,-1.1,-0.1
4867,Tony Gonsolin,664062,SL,106,88.0,0.2,0.5
4868,Tony Santillan,663574,CH,1,95.1,-0.8,0.8
4869,Tony Santillan,663574,FF,1238,95.6,-1.0,1.1
4870,Tony Santillan,663574,SL,224,86.1,0.6,0.2
4871,Tony Santillan,663574,SV,465,85.5,0.9,-0.5
4872,Touki Toussaint,657053,CU,7,77.5,1.1,-0.9
4873,Touki Toussaint,657053,FF,6,91.9,-1.0,0.8
4874,Touki Toussaint,657053,FS,9,87.5,-0.7,0.1
4875,Touki Toussaint,657053,SI,15,91.8,-1.3,0.5
4876,Travis Adams,701519,CH,343,86.6,-1.3,0.4
4877,Travis Adams,701519,CU,28,79.2,0.7,-0.7
4878,Travis Adams,701519,FC,311,91.3,0.3,0.7
4879,Travis Adams,701519,FF,414,94.6,-0.5,1.3
4880,Travis Adams,701519,SI,126,94.1,-1.2,0.6
4881,Travis Adams,701519,SL,351,86.4,0.4,0.1
4882,Travis Jankowski,608671,CU,4,45.7,1.2,1.0
4883,Travis Jankowski,608671,EP,9,43.9,-0.1,1.4
4884,Trent Harris,805345,CU,63,78.3,0.3,-1.5
4885,Trent Harris,805345,FC,99,93.9,0.2,1.2
4886,Trent Harris,805345,FS,1,87.4,-0.8,0.6
4887,Trent Harris,805345,SI,76,93.8,-0.7,1.1
4888,Trent Harris,805345,ST,93,84.9,1.4,-0.1
4889,Trent Thornton,663423,CH,9,87.1,-0.8,0.3
4890,Trent Thornton,663423,CU,237,81.3,0.7,-1.1
4891,Trent Thornton,663423,FC,300,90.6,0.3,0.5
4892,Trent Thornton,663423,FF,445,94.8,-0.3,1.3
4893,Trent Thornton,663423,FS,15,84.8,-0.8,0.5
4894,Trent Thornton,663423,SI,93,94.3,-1.0,0.7
4895,Trent Thornton,663423,SL,7,84.8,0.5,-0.3
4896,Trent Thornton,663423,ST,258,80.8,1.3,0.0
4897,Trevor Martin,694680,CU,11,80.2,1.4,-0.4
4898,Trevor Martin,694680,FC,53,88.8,0.3,0.5
4899,Trevor Martin,694680,FF,104,94.9,-0.8,1.3
4900,Trevor Martin,694680,FS,47,86.9,-1.1,-0.0
4901,Trevor Martin,694680,SI,14,94.0,-1.4,0.8
4902,Trevor McDonald,686790,CH,179,83.8,-1.1,0.1
4903,Trevor McDonald,686790,CU,95,85.9,0.6,-0.4
4904,Trevor McDonald,686790,FC,10,90.7,-0.3,0.6
4905,Trevor McDonald,686790,FF,9,93.9,-1.0,0.8
4906,Trevor McDonald,686790,SI,738,93.4,-1.4,0.1
4907,Trevor McDonald,686790,SL,318,85.9,0.8,-0.3
4908,Trevor Megill,656730,CU,601,87.8,0.2,-0.4
4909,Trevor Megill,656730,FF,1004,98.5,-0.3,1.6
4910,Trevor Richards,670950,CH,376,79.9,-1.0,-0.1
4911,Trevor Richards,670950,FF,853,91.8,-0.6,1.6
4912,Trevor Richards,670950,SL,125,84.8,0.3,0.3
4913,Trevor Rogers,669432,CH,946,86.7,1.2,0.1
4914,Trevor Rogers,669432,FC,219,83.1,-0.4,0.3
4915,Trevor Rogers,669432,FF,1892,93.5,0.9,1.3
4916,Trevor Rogers,669432,SI,513,93.1,1.5,0.7
4917,Trevor Rogers,669432,SL,196,81.1,-0.4,0.3
4918,Trevor Rogers,669432,ST,495,78.2,-0.8,0.4
4919,Trevor Williams,592866,CH,237,81.3,-1.1,0.0
4920,Trevor Williams,592866,FF,802,88.2,-0.2,0.9
4921,Trevor Williams,592866,SI,194,87.3,-1.2,0.3
4922,Trevor Williams,592866,SL,159,81.2,0.5,0.3
4923,Trevor Williams,592866,ST,526,77.2,0.8,0.6
4924,Trey Gibson,694346,CU,83,84.3,0.7,-1.1
4925,Trey Gibson,694346,FC,119,91.9,0.3,0.8
4926,Trey Gibson,694346,FF,121,95.4,-0.8,1.2
4927,Trey Gibson,694346,SI,155,94.6,-1.3,0.6
4928,Trey Gibson,694346,SL,129,87.8,0.2,-0.5
4929,Trey Gibson,694346,ST,12,84.8,1.2,0.4
4930,Trey Yesavage,702056,FF,849,94.3,-0.4,1.6
4931,Trey Yesavage,702056,FS,523,83.1,-1.0,0.6
4932,Trey Yesavage,702056,SL,456,87.8,-0.3,0.4
4933,Tristan Beck,663941,CH,2,86.7,-0.8,0.3
4934,Tristan Beck,663941,CU,153,80.7,0.7,-1.2
4935,Tristan Beck,663941,FF,389,94.7,-0.8,1.3
4936,Tristan Beck,663941,SL,217,89.5,0.3,0.5
4937,Tristan Beck,663941,ST,335,83.0,1.5,-0.1
4938,Triston McKenzie,663474,CU,16,79.5,0.7,-0.7
4939,Triston McKenzie,663474,FF,99,93.7,-0.3,1.7
4940,Triston McKenzie,663474,SL,8,86.0,0.2,0.5
4941,Troy Johnston,687859,CH,20,75.4,0.9,1.1
4942,Troy Johnston,687859,SL,15,71.3,0.3,1.1
4943,Troy Melton,675512,CH,69,89.8,-0.9,0.1
4944,Troy Melton,675512,CU,175,79.3,1.3,-0.8
4945,Troy Melton,675512,FC,448,92.0,0.3,0.6
4946,Troy Melton,675512,FF,850,96.6,-0.5,1.3
4947,Troy Melton,675512,FS,184,88.8,-0.8,0.1
4948,Troy Melton,675512,SI,243,95.7,-1.2,0.9
4949,Troy Melton,675512,SL,460,86.5,0.6,-0.0
4950,Troy Taylor,700187,CH,2,90.5,-1.4,0.4
4951,Troy Taylor,700187,FF,83,96.3,-1.2,1.1
4952,Troy Taylor,700187,ST,51,84.9,1.2,-0.4
4953,Tucker Barnhart,571466,EP,21,42.8,-0.1,1.2
4954,Tucker Barnhart,571466,FF,1,65.3,-0.4,1.4
4955,Ty Adcock,686654,FC,17,93.1,0.3,0.8
4956,Ty Adcock,686654,FF,34,97.1,-0.5,1.4
4957,Ty Adcock,686654,FS,5,87.6,-0.7,0.4
4958,Ty Adcock,686654,SI,1,94.9,-1.0,0.9
4959,Ty Adcock,686654,SL,25,86.9,0.2,-0.1
4960,Ty Blach,621389,CH,3,83.0,1.5,-0.0
4961,Ty Blach,621389,FC,8,85.0,-0.1,0.1
4962,Ty Blach,621389,SI,19,91.1,1.5,0.5
4963,Ty Johnson,694494,FF,67,93.2,-0.8,1.5
4964,Ty Johnson,694494,SL,56,85.4,0.3,0.3
4965,Ty Madden,680744,CU,6,78.8,0.2,-1.0
4966,Ty Madden,680744,FC,143,87.5,0.1,0.3
4967,Ty Madden,680744,FF,235,93.4,-0.4,1.3
4968,Ty Madden,680744,FS,101,85.4,-0.9,0.2
4969,Ty Madden,680744,SI,77,92.3,-1.1,0.9
4970,Ty Madden,680744,SL,157,83.8,0.1,-0.3
4971,Tyler Alexander,641302,CH,521,84.1,1.2,0.2
4972,Tyler Alexander,641302,FC,514,87.5,-0.1,0.8
4973,Tyler Alexander,641302,FF,619,91.2,0.8,1.3
4974,Tyler Alexander,641302,SI,503,90.9,1.4,0.8
4975,Tyler Alexander,641302,ST,558,80.2,-1.1,0.3
4976,Tyler Anderson,542881,CH,795,78.7,1.1,1.0
4977,Tyler Anderson,542881,CU,5,69.4,-0.2,-0.8
4978,Tyler Anderson,542881,FC,479,84.3,-0.1,1.1
4979,Tyler Anderson,542881,FF,893,89.3,0.6,1.6
4980,Tyler Anderson,542881,SI,85,88.4,1.4,0.9
4981,Tyler Anderson,542881,SL,82,80.5,-0.3,0.5
4982,Tyler Callihan,682997,CH,10,69.0,-0.7,1.2
4983,Tyler Callihan,682997,CU,1,65.5,-0.6,0.6
4984,Tyler Callihan,682997,FF,24,70.3,-0.6,1.1
4985,Tyler Callihan,682997,SL,18,69.8,-0.5,1.2
4986,Tyler Davis,699823,FF,292,96.3,-0.7,1.5
4987,Tyler Davis,699823,FS,30,86.1,-1.1,0.3
4988,Tyler Davis,699823,SL,148,87.5,0.5,0.0
4989,Tyler Ferguson,621053,CH,58,86.4,-1.3,0.1
4990,Tyler Ferguson,621053,FC,133,89.5,0.2,0.4
4991,Tyler Ferguson,621053,FF,518,94.9,-0.7,1.2
4992,Tyler Ferguson,621053,SI,171,94.4,-1.4,0.5
4993,Tyler Ferguson,621053,SL,18,83.5,0.7,-0.4
4994,Tyler Ferguson,621053,ST,385,83.8,0.9,0.1
4995,Tyler Gilbert,656457,FC,173,87.7,0.0,0.9
4996,Tyler Gilbert,656457,FF,110,90.6,0.8,0.9
4997,Tyler Gilbert,656457,FS,69,83.0,1.2,0.4
4998,Tyler Gilbert,656457,SI,318,89.8,1.4,0.3
4999,Tyler Gilbert,656457,ST,303,80.8,-0.8,0.1
5000,Tyler Glasnow,607192,CU,598,81.6,0.4,-1.3
5001,Tyler Glasnow,607192,FF,905,95.6,-0.1,1.4
5002,Tyler Glasnow,607192,SI,517,95.9,-0.9,1.2
5003,Tyler Glasnow,607192,SL,518,89.5,0.3,0.1
5004,Tyler Heineman,623168,EP,87,50.2,-0.2,1.8
5005,Tyler Heineman,623168,FF,27,56.2,-0.3,1.8
5006,Tyler Heineman,623168,SL,8,55.4,-0.3,1.8
5007,Tyler Holton,663947,CH,355,84.0,1.2,0.3
5008,Tyler Holton,663947,CU,79,79.8,-0.9,-1.2
5009,Tyler Holton,663947,FC,708,88.2,-0.3,0.6
5010,Tyler Holton,663947,FF,273,91.7,0.5,1.3
5011,Tyler Holton,663947,SI,483,91.2,1.3,0.8
5012,Tyler Holton,663947,ST,389,80.7,-1.3,-0.0
5013,Tyler Kinley,641755,CH,11,87.1,-0.8,0.8
5014,Tyler Kinley,641755,CU,285,83.3,0.3,-0.7
5015,Tyler Kinley,641755,FF,417,94.9,-0.2,1.2
5016,Tyler Kinley,641755,FS,2,86.8,-1.2,0.7
5017,Tyler Kinley,641755,SI,10,94.3,-1.0,0.9
5018,Tyler Kinley,641755,SL,1392,87.3,0.2,0.2
5019,Tyler Mahle,641816,FC,520,87.0,0.1,0.8
5020,Tyler Mahle,641816,FF,1796,92.5,-0.9,1.5
5021,Tyler Mahle,641816,FS,1062,85.5,-1.1,0.4
5022,Tyler Mahle,641816,SI,17,91.9,-1.0,1.2
5023,Tyler Mahle,641816,SL,297,84.3,0.4,0.2
5024,Tyler Matzek,554431,FF,77,94.5,0.6,1.4
5025,Tyler Matzek,554431,SI,8,94.6,1.3,1.0
5026,Tyler Matzek,554431,SL,42,84.4,-0.4,-0.4
5027,Tyler Owens,687074,FC,18,94.2,0.3,0.8
5028,Tyler Owens,687074,FF,28,95.5,-0.1,1.3
5029,Tyler Owens,687074,FS,5,90.1,-0.6,0.4
5030,Tyler Owens,687074,SL,15,88.0,0.5,-0.0
5031,Tyler Phillips,663969,CU,606,83.8,0.4,-0.9
5032,Tyler Phillips,663969,FF,258,95.5,-0.6,1.0
5033,Tyler Phillips,663969,FS,611,87.0,-1.0,0.2
5034,Tyler Phillips,663969,SI,859,95.5,-1.4,0.6
5035,Tyler Phillips,663969,SL,24,87.4,0.0,0.2
5036,Tyler Phillips,663969,ST,720,84.3,0.9,0.1
5037,Tyler Rogers,643511,SI,1494,83.4,-0.1,-1.1
5038,Tyler Rogers,643511,SL,489,73.8,1.0,1.1
5039,Tyler Samaniego,701719,CH,19,85.4,1.3,0.5
5040,Tyler Samaniego,701719,FC,24,88.4,-0.0,0.6
5041,Tyler Samaniego,701719,FF,84,93.6,0.3,1.2
5042,Tyler Samaniego,701719,SI,128,93.0,1.4,0.7
5043,Tyler Samaniego,701719,ST,59,82.2,-0.9,0.1
5044,Tyler Schweitzer,805326,CH,58,88.7,1.1,0.4
5045,Tyler Schweitzer,805326,CU,1,82.3,-0.5,-0.6
5046,Tyler Schweitzer,805326,FF,216,94.0,0.3,1.3
5047,Tyler Schweitzer,805326,SI,19,92.5,1.1,0.8
5048,Tyler Schweitzer,805326,SL,212,88.2,-0.3,0.4
5049,Tyler Schweitzer,805326,ST,60,82.3,-0.8,-0.3
5050,Tyler Tolbert,686475,CU,5,42.9,-0.0,1.1
5051,Tyler Tolbert,686475,EP,59,46.7,-0.1,1.3
5052,Tyler Tolbert,686475,FF,37,46.3,-0.1,1.0
5053,Tyler Tolbert,686475,SL,5,51.9,-0.3,1.2
5054,Tyler Uberstine,700413,CH,5,84.9,-1.5,0.2
5055,Tyler Uberstine,700413,FC,9,87.4,0.1,0.6
5056,Tyler Uberstine,700413,FF,10,92.9,-0.9,1.3
5057,Tyler Uberstine,700413,SI,10,91.9,-1.4,0.7
5058,Tyler Uberstine,700413,ST,11,80.9,1.3,0.1
5059,Tyler Wade,642180,EP,17,51.5,0.1,1.3
5060,Tyler Wade,642180,SL,1,72.0,-0.9,1.2
5061,Tyler Wells,669330,CH,317,86.9,-1.2,1.1
5062,Tyler Wells,669330,CU,77,78.3,0.5,-0.8
5063,Tyler Wells,669330,FC,377,90.2,0.4,1.0
5064,Tyler Wells,669330,FF,434,93.2,-0.3,1.5
5065,Tyler Wells,669330,SL,205,86.7,0.4,0.4
5066,Tyler Zuber,676604,CH,16,87.9,-1.2,0.1
5067,Tyler Zuber,676604,CU,31,83.2,1.0,-0.5
5068,Tyler Zuber,676604,FC,18,89.5,0.4,0.4
5069,Tyler Zuber,676604,FF,344,95.3,-0.8,1.3
5070,Tyler Zuber,676604,SI,111,94.4,-1.3,0.5
5071,Tyler Zuber,676604,SL,155,88.5,0.5,0.2
5072,Tyler Zuber,676604,ST,264,83.4,1.4,0.5
5073,Tylor Megill,656731,CH,89,88.2,-1.4,0.2
5074,Tylor Megill,656731,CU,85,80.4,0.9,-1.3
5075,Tylor Megill,656731,FF,521,95.4,-0.5,1.4
5076,Tylor Megill,656731,SI,242,94.2,-1.3,0.7
5077,Tylor Megill,656731,SL,297,83.8,0.5,-0.5
5078,Tyron Guerrero,594027,CH,16,91.9,-0.8,0.3
5079,Tyron Guerrero,594027,FF,1,95.8,-0.6,1.1
5080,Tyron Guerrero,594027,FS,7,92.3,-0.8,0.3
5081,Tyron Guerrero,594027,SI,502,100.2,-1.2,1.1
5082,Tyron Guerrero,594027,SL,59,91.5,0.1,0.3
5083,Valente Bellozo,678368,CH,222,81.4,-1.3,0.4
5084,Valente Bellozo,678368,CU,71,76.5,1.1,-0.6
5085,Valente Bellozo,678368,FC,506,84.7,0.4,0.8
5086,Valente Bellozo,678368,FF,416,90.8,-0.3,1.4
5087,Valente Bellozo,678368,FS,24,80.4,-0.6,0.3
5088,Valente Bellozo,678368,SI,19,88.3,-1.1,0.6
5089,Valente Bellozo,678368,ST,234,78.7,1.2,0.3
5090,Victor Mederos,682989,CH,58,90.9,-1.1,0.3
5091,Victor Mederos,682989,FC,249,92.0,0.0,0.6
5092,Victor Mederos,682989,FF,126,97.3,-0.9,1.1
5093,Victor Mederos,682989,FS,23,92.5,-1.0,0.3
5094,Victor Mederos,682989,SI,226,95.1,-1.5,0.5
5095,Victor Mederos,682989,SL,87,89.1,0.1,0.6
5096,Victor Mederos,682989,ST,85,82.3,0.9,0.6
5097,Victor Robles,645302,CU,15,48.7,-0.2,1.0
5098,Victor Robles,645302,FF,11,76.5,-0.8,1.1
5099,Victor Vodnik,680767,CH,388,92.1,-1.2,0.2
5100,Victor Vodnik,680767,FC,65,92.3,0.3,0.2
5101,Victor Vodnik,680767,FF,969,98.6,-0.5,1.1
5102,Victor Vodnik,680767,SI,32,98.8,-1.2,0.7
5103,Victor Vodnik,680767,SL,422,88.4,0.2,-0.2
5104,Victor Vodnik,680767,SV,35,87.4,0.5,-0.8
5105,Vidal Brujan,660644,CS,1,51.3,0.6,-0.0
5106,Vidal Brujan,660644,EP,18,52.3,-0.0,1.3
5107,Vidal Brujan,660644,FF,4,65.6,-0.3,1.4
5108,Vince Velasquez,592826,CH,2,88.7,-1.0,0.4
5109,Vince Velasquez,592826,CU,6,81.9,0.4,-0.6
5110,Vince Velasquez,592826,FC,7,89.7,0.3,1.0
5111,Vince Velasquez,592826,FF,23,92.1,-0.3,1.4
5112,Vince Velasquez,592826,SI,1,91.6,-0.9,1.3
5113,Vince Velasquez,592826,SL,4,81.7,0.9,-0.2
5114,Vinny Capra,681962,EP,31,52.1,-0.1,1.4
5115,Vinny Capra,681962,KN,1,53.6,-0.3,0.2
5116,Wade Miley,489119,CH,49,84.5,1.2,0.7
5117,Wade Miley,489119,CU,1,79.7,-0.4,-0.8
5118,Wade Miley,489119,FC,69,88.3,-0.2,0.8
5119,Wade Miley,489119,FF,47,91.9,0.4,1.4
5120,Wade Miley,489119,SI,31,91.5,1.1,0.9
5121,Wade Miley,489119,SL,1,83.6,-0.3,0.2
5122,Wade Miley,489119,ST,7,81.4,-0.9,0.1
5123,Walbert Urena,700712,CH,813,90.9,-1.4,0.4
5124,Walbert Urena,700712,FF,456,97.9,-0.8,1.0
5125,Walbert Urena,700712,PO,1,84.7,-0.5,0.8
5126,Walbert Urena,700712,SI,799,98.0,-1.3,0.6
5127,Walbert Urena,700712,ST,331,87.1,0.6,-0.1
5128,Walker Buehler,621111,CH,401,89.5,-1.1,0.3
5129,Walker Buehler,621111,CU,494,77.8,0.9,-1.2
5130,Walker Buehler,621111,FC,1003,90.5,0.4,0.8
5131,Walker Buehler,621111,FF,1052,94.0,-0.4,1.4
5132,Walker Buehler,621111,SI,853,94.0,-1.2,1.0
5133,Walker Buehler,621111,SL,592,87.2,0.7,0.3
5134,Walker Buehler,621111,ST,327,81.7,1.2,0.2
5135,Wander Suero,593833,CH,32,85.2,-1.2,0.6
5136,Wander Suero,593833,CU,2,79.6,0.9,0.3
5137,Wander Suero,593833,FC,108,92.1,-0.3,1.5
5138,Wandy Peralta,593974,CH,800,89.2,1.3,0.4
5139,Wandy Peralta,593974,FF,171,96.1,0.8,1.2
5140,Wandy Peralta,593974,SI,999,95.7,1.3,0.8
5141,Wandy Peralta,593974,SL,367,88.6,-0.1,0.5
5142,Welinton Herrera,700327,CH,7,87.8,1.2,0.5
5143,Welinton Herrera,700327,FF,28,94.5,0.7,1.3
5144,Welinton Herrera,700327,SL,10,84.7,-0.0,-0.1
5145,Weston Wilson,642215,CS,2,43.8,0.4,2.7
5146,Weston Wilson,642215,EP,67,47.5,-0.2,1.6
5147,Weston Wilson,642215,FF,26,64.3,-0.8,1.0
5148,Wikelman Gonzalez,682790,CH,57,88.9,-1.3,0.5
5149,Wikelman Gonzalez,682790,FF,206,95.1,-1.0,1.2
5150,Wikelman Gonzalez,682790,SL,19,84.1,0.5,-0.0
5151,Wikelman Gonzalez,682790,SV,86,79.4,1.5,-0.4
5152,Wilber Dotel,696062,CH,47,88.4,-1.1,0.4
5153,Wilber Dotel,696062,FC,156,92.5,0.1,0.7
5154,Wilber Dotel,696062,FF,306,98.3,-0.7,1.3
5155,Wilber Dotel,696062,SI,2,96.7,-1.0,1.1
5156,Wilber Dotel,696062,SL,148,88.0,0.4,0.1
5157,Wilkin Ramos,678576,CU,9,74.8,0.7,-0.8
5158,Wilkin Ramos,678576,FC,2,90.3,-0.9,0.7
5159,Wilkin Ramos,678576,FF,13,95.8,-1.2,0.8
5160,Wilkin Ramos,678576,SI,37,94.5,-1.5,0.3
5161,Will Dion,702021,CH,186,78.0,0.8,1.0
5162,Will Dion,702021,CU,141,80.9,0.2,-0.8
5163,Will Dion,702021,FC,60,87.1,-0.4,0.7
5164,Will Dion,702021,FF,300,91.2,0.0,1.7
5165,Will Dion,702021,SI,27,89.8,0.8,1.4
5166,Will Klein,694361,CU,189,85.3,0.6,-1.1
5167,Will Klein,694361,FC,50,92.5,0.1,0.5
5168,Will Klein,694361,FF,563,97.6,-0.7,1.3
5169,Will Klein,694361,SL,35,91.3,0.2,0.5
5170,Will Klein,694361,ST,230,88.7,1.1,-0.3
5171,Will Vest,676684,CH,134,90.0,-1.3,0.4
5172,Will Vest,676684,FF,811,96.5,-0.5,1.4
5173,Will Vest,676684,SI,265,95.9,-1.2,0.9
5174,Will Vest,676684,SL,411,88.4,0.4,-0.1
5175,Will Warren,701542,CH,631,87.1,-1.2,0.0
5176,Will Warren,701542,CU,344,80.6,1.0,-0.9
5177,Will Warren,701542,FF,2084,93.5,-0.6,1.3
5178,Will Warren,701542,SI,1231,93.2,-1.4,0.4
5179,Will Warren,701542,SL,6,86.9,0.4,0.1
5180,Will Warren,701542,ST,1094,83.3,1.5,-0.0
5181,Will Wilson,669717,CH,9,57.1,-1.0,1.5
5182,Will Wilson,669717,CU,2,48.4,-0.6,1.3
5183,Will Wilson,669717,SL,15,47.8,-0.7,1.6
5184,Willi Castro,650489,EP,10,37.5,-0.1,1.3
5185,Willi Castro,650489,FF,2,58.3,-0.4,1.2
5186,William Kempner,687531,CH,5,86.8,-1.0,-0.3
5187,William Kempner,687531,FC,24,87.4,0.1,0.5
5188,William Kempner,687531,FF,97,95.5,-1.4,1.0
5189,William Kempner,687531,SI,28,94.0,-1.6,0.3
5190,William Kempner,687531,ST,45,81.7,1.3,0.4
5191,Willie MacIver,680862,EP,18,41.2,-0.3,1.5
5192,Winston Santos,692437,CH,5,89.0,-1.0,0.4
5193,Winston Santos,692437,FF,18,97.7,-0.8,1.2
5194,Winston Santos,692437,SL,10,84.8,0.1,0.1
5195,Woo-Suk Go,808970,CU,13,81.4,0.9,-1.1
5196,Woo-Suk Go,808970,FF,34,94.5,-0.6,1.2
5197,Woo-Suk Go,808970,FS,10,88.8,-0.8,0.5
5198,Woo-Suk Go,808970,SL,29,90.5,0.1,0.4
5199,Wyatt Mills,670090,FF,42,90.5,-0.8,0.6
5200,Wyatt Mills,670090,SI,40,90.1,-1.2,-0.0
5201,Wyatt Mills,670090,SL,43,83.1,0.1,0.5
5202,Wyatt Mills,670090,ST,24,81.0,0.6,0.7
5203,Wyatt Olds,681544,CH,5,90.7,-1.3,0.5
5204,Wyatt Olds,681544,FC,36,90.1,0.1,0.5
5205,Wyatt Olds,681544,FF,140,96.6,-1.0,1.4
5206,Wyatt Olds,681544,SL,85,87.1,0.4,-0.9
5207,Xzavion Curry,675540,CU,47,73.0,1.0,-0.9
5208,Xzavion Curry,675540,FF,148,90.7,-0.4,1.6
5209,Xzavion Curry,675540,FS,56,84.1,-0.9,0.8
5210,Xzavion Curry,675540,SI,31,89.6,-0.9,1.1
5211,Xzavion Curry,675540,SL,121,83.1,0.5,0.3
5212,Xzavion Curry,675540,ST,1,80.0,1.0,0.3
5213,Yacksel Rios,605441,FF,5,98.1,-0.7,1.4
5214,Yacksel Rios,605441,FS,2,92.2,-1.1,0.4
5215,Yacksel Rios,605441,SI,5,98.5,-1.0,1.3
5216,Yacksel Rios,605441,SL,1,84.4,0.3,-0.4
5217,Yaramil Hiraldo,682274,CH,111,86.9,-0.8,0.8
5218,Yaramil Hiraldo,682274,FF,207,95.3,-0.4,1.6
5219,Yaramil Hiraldo,682274,FS,59,86.5,-0.6,0.8
5220,Yaramil Hiraldo,682274,SL,130,86.6,0.3,0.3
5221,Yariel Rodriguez,684320,FF,508,95.7,-0.4,1.1
5222,Yariel Rodriguez,684320,FS,180,89.1,-1.3,0.4
5223,Yariel Rodriguez,684320,PO,1,94.1,-0.3,1.2
5224,Yariel Rodriguez,684320,SI,96,95.6,-1.4,0.9
5225,Yariel Rodriguez,684320,SL,546,85.6,0.6,0.0
5226,Yennier Cano,666974,CH,157,91.7,-1.4,0.1
5227,Yennier Cano,666974,FC,28,92.0,-0.5,0.2
5228,Yennier Cano,666974,FF,148,94.8,-1.1,0.6
5229,Yennier Cano,666974,FS,259,90.8,-1.0,-0.4
5230,Yennier Cano,666974,SI,878,95.0,-1.4,-0.1
5231,Yennier Cano,666974,SL,272,86.0,1.0,0.0
5232,Yennier Cano,666974,ST,28,85.9,1.1,0.0
5233,Yerry De los Santos,660787,CH,230,88.1,-1.2,0.0
5234,Yerry De los Santos,660787,FF,84,95.1,-1.1,1.0
5235,Yerry De los Santos,660787,SI,515,95.5,-1.5,0.7
5236,Yerry De los Santos,660787,SL,76,85.4,0.3,0.2
5237,Yilber Diaz,700270,CU,9,77.2,0.3,-1.4
5238,Yilber Diaz,700270,FF,102,96.2,-0.8,1.4
5239,Yilber Diaz,700270,SL,95,86.0,0.0,0.2
5240,Yimi Garcia,554340,CH,20,89.5,-1.3,0.3
5241,Yimi Garcia,554340,CU,62,84.5,0.9,-0.1
5242,Yimi Garcia,554340,FF,159,96.0,-0.8,1.3
5243,Yimi Garcia,554340,SI,54,95.2,-1.5,0.6
5244,Yimi Garcia,554340,SL,2,91.9,0.0,0.7
5245,Yimi Garcia,554340,ST,62,85.7,1.1,0.6
5246,Yoendrys Gomez,672782,CH,143,90.3,-1.4,0.5
5247,Yoendrys Gomez,672782,CU,158,80.8,1.1,-0.7
5248,Yoendrys Gomez,672782,FC,241,91.3,0.2,0.8
5249,Yoendrys Gomez,672782,FF,872,95.0,-0.6,1.4
5250,Yoendrys Gomez,672782,SI,316,93.6,-1.4,0.9
5251,Yoendrys Gomez,672782,SL,21,84.1,0.9,0.3
5252,Yoendrys Gomez,672782,ST,438,83.7,1.1,0.4
5253,Yohan Ramirez,670990,CH,5,88.8,-1.4,0.5
5254,Yohan Ramirez,670990,CU,270,84.1,1.1,-0.6
5255,Yohan Ramirez,670990,FC,16,88.9,-0.1,0.5
5256,Yohan Ramirez,670990,FF,562,96.5,-0.9,1.1
5257,Yohan Ramirez,670990,SI,374,96.4,-1.4,0.5
5258,Yohan Ramirez,670990,SL,14,86.5,0.3,-0.0
5259,Yohan Ramirez,670990,ST,731,84.1,1.4,0.2
5260,Yohan Ramirez,670990,UN,1,70.1,-1.2,1.0
5261,Yoshinobu Yamamoto,808967,CU,840,76.9,1.0,-1.3
5262,Yoshinobu Yamamoto,808967,FC,705,91.4,0.3,0.7
5263,Yoshinobu Yamamoto,808967,FF,1699,95.7,-0.6,1.3
5264,Yoshinobu Yamamoto,808967,FS,1410,91.2,-1.0,0.2
5265,Yoshinobu Yamamoto,808967,SI,546,95.2,-1.2,1.0
5266,Yoshinobu Yamamoto,808967,SL,234,86.7,0.5,0.1
5267,Yoshinobu Yamamoto,808967,ST,1,84.2,1.2,-0.7
5268,Yosver Zulueta,691172,CH,11,89.0,-1.5,0.4
5269,Yosver Zulueta,691172,FF,18,97.8,-1.1,0.9
5270,Yosver Zulueta,691172,SI,63,95.8,-1.4,0.5
5271,Yosver Zulueta,691172,SL,48,86.7,0.1,-0.3
5272,Yovanny Cruz,672442,FF,63,99.8,-1.1,1.1
5273,Yovanny Cruz,672442,FS,16,89.8,-0.5,0.2
5274,Yovanny Cruz,672442,SI,32,100.4,-1.4,0.8
5275,Yovanny Cruz,672442,SL,116,91.4,0.1,0.2
5276,Yu Darvish,506433,CH,6,88.0,-1.2,0.6
5277,Yu Darvish,506433,CU,193,71.7,1.0,-1.1
5278,Yu Darvish,506433,FC,138,90.8,-0.1,0.9
5279,Yu Darvish,506433,FF,157,93.9,-0.9,1.2
5280,Yu Darvish,506433,FS,119,86.4,-0.5,0.1
5281,Yu Darvish,506433,PO,1,93.5,-1.2,1.1
5282,Yu Darvish,506433,SI,263,93.4,-1.3,0.6
5283,Yu Darvish,506433,SL,179,85.7,0.5,0.2
5284,Yu Darvish,506433,ST,102,82.6,1.2,0.2
5285,Yuki Matsui,673513,CU,2,74.8,-0.6,-1.5
5286,Yuki Matsui,673513,FF,826,92.0,0.4,1.6
5287,Yuki Matsui,673513,FS,618,83.8,0.7,0.3
5288,Yuki Matsui,673513,SI,31,90.9,1.0,1.0
5289,Yuki Matsui,673513,SL,487,85.5,-0.3,0.4
5290,Yuki Matsui,673513,ST,141,81.3,-1.1,-0.2
5291,Yunior Marte,628708,FF,6,97.3,-1.2,1.3
5292,Yunior Marte,628708,SI,3,97.3,-1.5,1.0
5293,Yunior Marte,628708,SL,12,86.9,0.1,0.4
5294,Yunior Marte,805074,CH,11,82.6,-0.7,0.2
5295,Yunior Marte,805074,FF,141,93.2,-0.7,1.2
5296,Yunior Marte,805074,FS,29,82.8,-0.6,0.3
5297,Yunior Marte,805074,SL,131,85.2,0.2,0.0
5298,Yunior Tur,814305,FC,88,90.7,0.3,0.6
5299,Yunior Tur,814305,FF,72,95.1,-0.1,1.3
5300,Yunior Tur,814305,FS,84,86.9,-0.6,0.4
5301,Yunior Tur,814305,SL,2,89.4,0.4,0.5
5302,Yunior Tur,814305,ST,2,82.6,0.6,0.1
5303,Yusei Kikuchi,579328,CH,375,85.5,1.1,0.6
5304,Yusei Kikuchi,579328,CU,616,80.0,-0.6,-0.5
5305,Yusei Kikuchi,579328,FC,71,90.5,-0.1,0.8
5306,Yusei Kikuchi,579328,FF,1537,95.0,0.7,1.3
5307,Yusei Kikuchi,579328,FS,192,86.6,0.8,0.7
5308,Yusei Kikuchi,579328,SI,36,92.7,1.2,0.8
5309,Yusei Kikuchi,579328,SL,1373,87.2,-0.2,0.3
5310,Yusei Kikuchi,579328,ST,6,80.8,-1.2,0.2
5311,Zac Gallen,668678,CH,803,86.4,-1.0,0.3
5312,Zac Gallen,668678,CU,1075,81.2,0.4,-0.9
5313,Zac Gallen,668678,FC,182,89.5,0.3,0.8
5314,Zac Gallen,668678,FF,2044,93.5,-0.3,1.4
5315,Zac Gallen,668678,PO,2,90.3,-0.8,1.2
5316,Zac Gallen,668678,SI,169,93.0,-0.9,1.1
5317,Zac Gallen,668678,SL,633,88.6,0.4,0.4
5318,Zac Thornton,804267,CH,46,84.5,1.3,0.9
5319,Zac Thornton,804267,CU,71,82.9,0.3,-0.0
5320,Zac Thornton,804267,FC,311,88.5,-0.3,0.7
5321,Zac Thornton,804267,FF,230,92.4,0.5,1.5
5322,Zac Thornton,804267,SI,74,92.2,1.3,1.0
5323,Zac Thornton,804267,SL,49,84.7,-0.4,0.3
5324,Zac Thornton,804267,ST,152,80.0,-1.1,0.1
5325,Zach Agnos,688642,FC,502,92.1,0.1,0.7
5326,Zach Agnos,688642,FF,523,94.8,-0.6,1.2
5327,Zach Agnos,688642,FS,271,86.4,-0.9,0.2
5328,Zach Agnos,688642,SI,205,93.5,-1.2,0.7
5329,Zach Agnos,688642,SL,188,84.9,0.3,-0.3
5330,Zach Agnos,688642,ST,340,84.2,1.1,-0.3
5331,Zach Brzykcy,694350,CH,109,88.2,-1.4,0.8
5332,Zach Brzykcy,694350,CU,117,83.1,0.4,-0.9
5333,Zach Brzykcy,694350,FF,268,94.6,-0.6,1.6
5334,Zach Brzykcy,694350,SL,13,86.5,0.1,-0.1
5335,Zach Eflin,621107,CH,204,86.7,-1.3,0.1
5336,Zach Eflin,621107,CU,198,78.1,1.1,-0.6
5337,Zach Eflin,621107,FC,256,88.5,0.1,0.7
5338,Zach Eflin,621107,FF,151,92.0,-0.8,1.0
5339,Zach Eflin,621107,SI,226,91.7,-1.4,0.2
5340,Zach Eflin,621107,ST,166,79.2,1.1,0.2
5341,Zach Maxwell,687209,FC,98,93.3,0.1,0.7
5342,Zach Maxwell,687209,FF,266,99.1,-0.8,1.4
5343,Zach Maxwell,687209,SL,31,88.1,0.8,-0.1
5344,Zach Maxwell,687209,ST,61,86.4,0.8,-0.2
5345,Zach McCambley,685112,FC,80,88.4,0.4,0.0
5346,Zach McCambley,685112,FF,65,93.9,-0.1,1.0
5347,Zach McCambley,685112,PO,1,92.3,-0.0,0.9
5348,Zach McCambley,685112,SI,2,92.3,-0.5,0.9
5349,Zach McCambley,685112,ST,42,83.7,1.3,-0.2
5350,Zach McKinstry,656716,EP,26,37.4,0.8,1.5
5351,Zach McKinstry,656716,FF,33,47.3,0.9,1.4
5352,Zach Pop,647315,FC,41,94.1,-0.3,0.8
5353,Zach Pop,647315,SI,151,96.3,-1.5,0.6
5354,Zach Pop,647315,SL,65,85.9,0.5,-0.2
5355,Zach Thompson,605507,CH,8,84.9,-0.7,0.3
5356,Zach Thompson,605507,CU,9,74.1,0.4,-1.1
5357,Zach Thompson,605507,FC,16,85.3,0.3,0.3
5358,Zach Thompson,605507,FF,24,91.2,-0.1,1.2
5359,Zach Thompson,605507,SI,3,90.1,-0.7,0.6
5360,Zach Thornton,804267,CH,5,83.7,1.2,0.8
5361,Zach Thornton,804267,CU,2,75.4,-0.9,-0.9
5362,Zach Thornton,804267,FC,105,86.7,-0.4,0.4
5363,Zach Thornton,804267,FF,71,92.0,0.5,1.5
5364,Zach Thornton,804267,SI,22,92.4,1.2,1.0
5365,Zach Thornton,804267,ST,35,80.1,-1.0,0.1
5366,Zack Kelly,677161,CH,79,83.2,-1.5,0.1
5367,Zack Kelly,677161,CU,6,82.2,0.7,-0.6
5368,Zack Kelly,677161,FC,306,91.3,0.2,0.7
5369,Zack Kelly,677161,FF,154,96.1,-0.7,1.3
5370,Zack Kelly,677161,PO,1,97.1,-0.6,1.2
5371,Zack Kelly,677161,SI,137,96.1,-1.3,0.9
5372,Zack Kelly,677161,ST,182,81.7,1.5,0.2
5373,Zack Littell,641793,FF,1166,91.9,-0.6,1.3
5374,Zack Littell,641793,FS,1218,83.7,-1.0,-0.0
5375,Zack Littell,641793,PO,1,88.8,-0.5,1.3
5376,Zack Littell,641793,SI,731,91.4,-1.2,1.0
5377,Zack Littell,641793,SL,1327,87.7,0.1,0.7
5378,Zack Littell,641793,ST,322,79.4,1.0,-0.3
5379,Zack Short,670097,CH,1,48.5,0.3,1.4
5380,Zack Short,670097,EP,3,45.6,-0.7,1.5
5381,Zack Short,670097,FF,2,51.6,-0.8,1.5
5382,Zack Short,670097,SI,4,55.2,0.1,1.4
5383,Zack Wheeler,554430,CU,452,80.6,1.1,-0.9
5384,Zack Wheeler,554430,FC,476,91.3,0.0,0.7
5385,Zack Wheeler,554430,FF,1894,95.7,-0.9,1.2
5386,Zack Wheeler,554430,FS,619,87.3,-1.2,0.2
5387,Zack Wheeler,554430,SI,804,95.1,-1.5,0.6
5388,Zack Wheeler,554430,ST,701,82.5,1.3,0.1
5389,Zak Kent,687849,CU,126,81.8,0.6,-1.2
5390,Zak Kent,687849,FF,210,92.7,0.1,0.9
5391,Zak Kent,687849,SI,25,93.7,-0.7,1.0
5392,Zak Kent,687849,SL,241,86.5,0.5,-0.2
5393,Zebby Matthews,805673,CH,423,87.0,-1.2,0.4
5394,Zebby Matthews,805673,CU,311,80.6,0.6,-0.7
5395,Zebby Matthews,805673,FC,444,91.2,0.1,0.8
5396,Zebby Matthews,805673,FF,1284,95.6,-0.7,1.4
5397,Zebby Matthews,805673,SI,186,95.5,-1.2,1.0
5398,Zebby Matthews,805673,SL,822,87.7,0.3,0.2
